Support Item Number,Support Item Name,Registration Group Number,Registration Group Name,Support Category Number,Support Category Number (PACE),Support Category Name,Support Category Name (PACE),Unit,Quote,Start date,End Date,National,Remote,Very Remote,Non-Face-to-Face Support Provision,Provider Travel,Short Notice Cancellations.,NDIA Requested Reports,Irregular SIL Supports,Type
01_002_0107_1_1,Assistance With Self-Care Activities - Standard - Weekday Night,0107,Daily Personal Activities,1,1,Assistance with Daily Life (Includes SIL),Assistance with Daily Life,H,No,20260701,99991231,82.57,115.6,123.86,Y,Y,Y,N,N,Priced Supports
01_003_0107_1_1,Assistance From Live-In Carer,0107,Daily Personal Activities,1,1,Assistance with Daily Life (Includes SIL),Assistance with Daily Life,H,Yes,20260701,99991231,,,,,,,,,Quotable Supports
01_004_0107_1_1,Assistance with Personal Domestic Activities,0107,Daily Personal Activities,1,1,Assistance with Daily Life (Includes SIL),Assistance with Daily Life,H,No,20260701,99991231,61.16,85.62,91.74,Y,Y,Y,N,N,Priced Supports
01_010_0107_1_1,Assistance With Self-Care Activities - Night-Time Sleepover,0107,Daily Personal Activities,1,1,Assistance with Daily Life (Includes SIL),Assistance with Daily Life,E,No,20260701,99991231,311.79,436.51,467.69,Y,Y,Y,N,N,Priced Supports
01_011_0107_1_1,Assistance With Self-Care Activities - Standard - Weekday Daytime,0107,Daily Personal Activities,1,1,Assistance with Daily Life (Includes SIL),Assistance with Daily Life,H,No,20260701,99991231,73.58,103.01,110.37,Y,Y,Y,N,N,Priced Supports
01_012_0107_1_1,Assistance With Self-Care Activities - Standard - Public Holiday,0107,Daily Personal Activities,1,1,Assistance with Daily Life (Includes SIL),Assistance with Daily Life,H,No,20260701,99991231,163.46,228.84,245.19,Y,Y,Y,N,N,Priced Supports
01_013_0107_1_1,Assistance With Self-Care Activities - Standard - Saturday,0107,Daily Personal Activities,1,1,Assistance with Daily Life (Includes SIL),Assistance with Daily Life,H,No,20260701,99991231,103.54,144.96,155.31,Y,Y,Y,N,N,Priced Supports
01_014_0107_1_1,Assistance With Self-Care Activities - Standard - Sunday,0107,Daily Personal Activities,1,1,Assistance with Daily Life (Includes SIL),Assistance with Daily Life,H,No,20260701,99991231,133.5,186.9,200.25,Y,Y,Y,N,N,Priced Supports
01_015_0107_1_1,Assistance With Self-Care Activities - Standard - Weekday Evening,0107,Daily Personal Activities,1,1,Assistance with Daily Life (Includes SIL),Assistance with Daily Life,H,No,20260701,99991231,81.07,113.5,121.61,Y,Y,Y,N,N,Priced Supports
01_016_0104_1_1,Specialised Home Based Assistance For A Child,0104,High Intensity Daily Personal Activities,1,1,Assistance with Daily Life (Includes SIL),Assistance with Daily Life,H,No,20260701,99991231,61.16,85.62,91.74,Y,Y,Y,N,N,Priced Supports
01_017_0107_1_1,On-Call Overnight Monitoring-Off Site or Onsite (Includes 1 hour of assistance),0107,Daily Personal Activities,1,1,Assistance with Daily Life (Includes SIL),Assistance with Daily Life,E,Yes,20260701,99991231,,,,,,,,,Quotable Supports
01_019_0120_1_1,House or Yard Maintenance,0120,Household Tasks,1,1,Assistance with Daily Life (Includes SIL),Assistance with Daily Life,H,No,20260701,99991231,59.01,82.61,88.52,Y,Y,Y,N,N,Priced Supports
01_020_0120_1_1,House Cleaning And Other Household Activities,0120,Household Tasks,1,1,Assistance with Daily Life (Includes SIL),Assistance with Daily Life,H,No,20260701,99991231,60.1,84.14,90.15,Y,Y,Y,N,N,Priced Supports
01_021_0120_1_1,Linen Service,0120,Household Tasks,1,1,Assistance with Daily Life (Includes SIL),Assistance with Daily Life,E,Yes,20260701,99991231,,,,,,,,,Quotable Supports
01_023_0120_1_1,Assistance with the cost of the preparation and delivery of meals,0120,Household Tasks,1,1,Assistance with Daily Life (Includes SIL),Assistance with Daily Life,E,No,20260701,99991231,1.0,1.0,1.0,N,N,N,N,N,Unit Price = $1
01_026_0115_1_1,Assistance In Living Arrangements (Host Family/Alternative Family Situation),0115,Assistance With Daily Life Tasks In A Group Or Shared Living Arrangement,1,1,Assistance with Daily Life (Includes SIL),Assistance with Daily Life,D,Yes,20260701,99991231,,,,,,,,,Quotable Supports
01_027_0115_1_1,Assistance In A Shared Living Arrangement,0115,Assistance With Daily Life Tasks In A Group Or Shared Living Arrangement,1,1,Assistance with Daily Life (Includes SIL),Assistance with Daily Life,E,Yes,20260701,99991231,,,,,,,,,Quotable Supports
01_046_0115_1_1,Assistance In Individual Living Arrangement For Person With Complex Needs,0115,Assistance With Daily Life Tasks In A Group Or Shared Living Arrangement,1,1,Assistance with Daily Life (Includes SIL),Assistance with Daily Life,E,Yes,20260701,99991231,,,,,,,,,Quotable Supports
01_049_0104_1_1,Establishment Fee For Personal Care/Participation,0104,High Intensity Daily Personal Activities,1,1,Assistance with Daily Life (Includes SIL),Assistance with Daily Life,E,No,20260701,99991231,735.8,1030.12,1103.7,N,N,N,N,N,Priced Supports
01_049_0107_1_1,Establishment Fee For Personal Care/Participation,0107,Daily Personal Activities,1,1,Assistance with Daily Life (Includes SIL),Assistance with Daily Life,E,No,20260701,99991231,735.8,1030.12,1103.7,N,N,N,N,N,Priced Supports
01_050_0115_1_1,Assistance With Daily Life Tasks Provided In Residential Aged Care Facility,0115,Assistance With Daily Life Tasks In A Group Or Shared Living Arrangement,1,16,Assistance with Daily Life (Includes SIL),Home and Living,E,No,20260701,99991231,1.0,1.0,1.0,N,N,N,N,N,Unit Price = $1
01_066_0115_1_1,Unplanned onsite shared supports in Specialist Disability Accommodation,0115,Assistance With Daily Life Tasks In A Group Or Shared Living Arrangement,1,1,Assistance with Daily Life (Includes SIL),Assistance with Daily Life,WK,No,20260701,99991231,1616.26,2262.76,2424.39,N,N,N,N,N,Priced Supports
01_082_0115_1_1,Medium Term Accommodation,0115,Assistance With Daily Life Tasks In A Group Or Shared Living Arrangement,1,16,Assistance with Daily Life (Includes SIL),Home and Living,D,No,20260701,99991231,162.85,227.99,244.28,N,N,Y,N,N,Priced Supports
01_134_0117_8_1,Capacity Building and Training in Self-Management and Plan Management,0117,Development Of Daily Living And Life Skills,1,1,Assistance with Daily Life (Includes SIL),Assistance with Daily Life,H,No,20260701,99991231,83.87,117.42,125.81,Y,Y,Y,N,N,Priced Supports
01_200_0115_1_1,Short Term Accommodation - Standard - Weekday Daytime,0115,Assistance With Daily Life Tasks In A Group Or Shared Living Arrangement,1,1,Assistance with Daily Life (Includes SIL),Assistance with Daily Life,H,No,20260701,99991231,73.58,103.01,110.37,Y,Y,Y,N,N,Priced Supports
01_201_0115_1_1,Short Term Accommodation - Standard - Weekday Evening,0115,Assistance With Daily Life Tasks In A Group Or Shared Living Arrangement,1,1,Assistance with Daily Life (Includes SIL),Assistance with Daily Life,H,No,20260701,99991231,81.07,113.5,121.61,Y,Y,Y,N,N,Priced Supports
01_202_0115_1_1,Short Term Accommodation - Standard - Saturday,0115,Assistance With Daily Life Tasks In A Group Or Shared Living Arrangement,1,1,Assistance with Daily Life (Includes SIL),Assistance with Daily Life,H,No,20260701,99991231,103.54,144.96,155.31,Y,Y,Y,N,N,Priced Supports
01_203_0115_1_1,Short Term Accommodation - Standard - Sunday,0115,Assistance With Daily Life Tasks In A Group Or Shared Living Arrangement,1,1,Assistance with Daily Life (Includes SIL),Assistance with Daily Life,H,No,20260701,99991231,133.5,186.9,200.25,Y,Y,Y,N,N,Priced Supports
01_204_0115_1_1,Short Term Accommodation - Standard - Public Holiday,0115,Assistance With Daily Life Tasks In A Group Or Shared Living Arrangement,1,1,Assistance with Daily Life (Includes SIL),Assistance with Daily Life,H,No,20260701,99991231,163.46,228.84,245.19,Y,Y,Y,N,N,Priced Supports
01_205_0115_1_1,Short Term Accommodation - Standard - Weekday Night,0115,Assistance With Daily Life Tasks In A Group Or Shared Living Arrangement,1,1,Assistance with Daily Life (Includes SIL),Assistance with Daily Life,H,No,20260701,99991231,82.57,115.6,123.86,Y,Y,Y,N,N,Priced Supports
01_206_0115_1_1,Short Term Accommodation - Sleepover,0115,Assistance With Daily Life Tasks In A Group Or Shared Living Arrangement,1,1,Assistance with Daily Life (Includes SIL),Assistance with Daily Life,E,No,20260701,99991231,311.79,436.51,467.69,N,N,Y,N,N,Priced Supports
01_250_0115_1_1,Short Term Accommodation - Participant Accommodation,0115,Assistance With Daily Life Tasks In A Group Or Shared Living Arrangement,1,1,Assistance with Daily Life (Includes SIL),Assistance with Daily Life,D,No,20260701,99991231,162.85,227.99,244.28,N,N,Y,N,N,Priced Supports
01_251_0115_1_1,Short Term Accommodation - Support Worker Accommodation,0115,Assistance With Daily Life Tasks In A Group Or Shared Living Arrangement,1,1,Assistance with Daily Life (Includes SIL),Assistance with Daily Life,D,No,20260701,99991231,162.85,227.99,244.28,N,N,Y,N,N,Priced Supports
01_252_0115_1_1,Short Term Accommodation - High Intensity - Weekday Daytime,0115,Assistance With Daily Life Tasks In A Group Or Shared Living Arrangement,1,1,Assistance with Daily Life (Includes SIL),Assistance with Daily Life,H,No,20260701,99991231,79.6,111.44,119.4,Y,Y,Y,N,N,Priced Supports
01_253_0115_1_1,Short Term Accommodation - High Intensity - Weekday Evening,0115,Assistance With Daily Life Tasks In A Group Or Shared Living Arrangement,1,1,Assistance with Daily Life (Includes SIL),Assistance with Daily Life,H,No,20260701,99991231,87.7,122.78,131.55,Y,Y,Y,N,N,Priced Supports
01_254_0115_1_1,Short Term Accommodation - High Intensity - Weekday Night,0115,Assistance With Daily Life Tasks In A Group Or Shared Living Arrangement,1,1,Assistance with Daily Life (Includes SIL),Assistance with Daily Life,H,No,20260701,99991231,89.32,125.05,133.98,Y,Y,Y,N,N,Priced Supports
01_255_0115_1_1,Short Term Accommodation - High Intensity - Saturday,0115,Assistance With Daily Life Tasks In A Group Or Shared Living Arrangement,1,1,Assistance with Daily Life (Includes SIL),Assistance with Daily Life,H,No,20260701,99991231,112.01,156.81,168.02,Y,Y,Y,N,N,Priced Supports
01_256_0115_1_1,Short Term Accommodation - High Intensity - Sunday,0115,Assistance With Daily Life Tasks In A Group Or Shared Living Arrangement,1,1,Assistance with Daily Life (Includes SIL),Assistance with Daily Life,H,No,20260701,99991231,144.42,202.19,216.63,Y,Y,Y,N,N,Priced Supports
01_257_0115_1_1,Short Term Accommodation - High Intensity - Public Holiday,0115,Assistance With Daily Life Tasks In A Group Or Shared Living Arrangement,1,1,Assistance with Daily Life (Includes SIL),Assistance with Daily Life,H,No,20260701,99991231,176.84,247.58,265.26,Y,Y,Y,N,N,Priced Supports
01_400_0104_1_1,Assistance With Self-Care Activities - High Intensity - Weekday Daytime,0104,High Intensity Daily Personal Activities,1,1,Assistance with Daily Life (Includes SIL),Assistance with Daily Life,H,No,20260701,99991231,79.6,111.44,119.4,Y,Y,Y,N,N,Priced Supports
01_401_0104_1_1,Assistance With Self-Care Activities - High Intensity - Weekday Evening,0104,High Intensity Daily Personal Activities,1,1,Assistance with Daily Life (Includes SIL),Assistance with Daily Life,H,No,20260701,99991231,87.7,122.78,131.55,Y,Y,Y,N,N,Priced Supports
01_402_0104_1_1,Assistance With Self-Care Activities - High Intensity - Saturday,0104,High Intensity Daily Personal Activities,1,1,Assistance with Daily Life (Includes SIL),Assistance with Daily Life,H,No,20260701,99991231,112.01,156.81,168.02,Y,Y,Y,N,N,Priced Supports
01_403_0104_1_1,Assistance With Self-Care Activities - High Intensity - Sunday,0104,High Intensity Daily Personal Activities,1,1,Assistance with Daily Life (Includes SIL),Assistance with Daily Life,H,No,20260701,99991231,144.42,202.19,216.63,Y,Y,Y,N,N,Priced Supports
01_404_0104_1_1,Assistance With Self-Care Activities - High Intensity - Public Holiday,0104,High Intensity Daily Personal Activities,1,1,Assistance with Daily Life (Includes SIL),Assistance with Daily Life,H,No,20260701,99991231,176.84,247.58,265.26,Y,Y,Y,N,N,Priced Supports
01_405_0104_1_1,Assistance With Self-Care Activities - High Intensity - Weekday Night,0104,High Intensity Daily Personal Activities,1,1,Assistance with Daily Life (Includes SIL),Assistance with Daily Life,H,No,20260701,99991231,89.32,125.05,133.98,Y,Y,Y,N,N,Priced Supports
01_450_0107_1_1,Intensive and Complex Behaviour Supports - Weekday Daytime,0107,Daily Personal Activities,1,1,Assistance with Daily Life (Includes SIL),Assistance with Daily Life,H,No,20260701,99991231,79.6,111.44,119.4,Y,Y,Y,N,N,Priced Supports
01_450_0115_1_1,Intensive and Complex Behaviour Supports - Weekday Daytime,0115,Assistance With Daily Life Tasks In A Group Or Shared Living Arrangement,1,16,Assistance with Daily Life (Includes SIL),Home and Living,H,No,20260701,99991231,79.6,111.44,119.4,Y,Y,Y,N,N,Priced Supports
01_450_0138_1_1,Intensive and Complex Behaviour Supports - Weekday Daytime,0138,assistance in supported independent living,1,16,Assistance with Daily Life (Includes SIL),Home and Living,H,No,20260701,99991231,79.6,111.44,119.4,Y,Y,Y,N,Y,Priced Supports
01_451_0107_1_1,Intensive and Complex Behaviour Supports - Weekday Evening,0107,Daily Personal Activities,1,1,Assistance with Daily Life (Includes SIL),Assistance with Daily Life,H,No,20260701,99991231,87.7,122.78,131.55,Y,Y,Y,N,N,Priced Supports
01_451_0115_1_1,Intensive and Complex Behaviour Supports - Weekday Evening,0115,Assistance With Daily Life Tasks In A Group Or Shared Living Arrangement,1,16,Assistance with Daily Life (Includes SIL),Home and Living,H,No,20260701,99991231,87.7,122.78,131.55,Y,Y,Y,N,N,Priced Supports
01_451_0138_1_1,Intensive and Complex Behaviour Supports - Weekday Evening,0138,assistance in supported independent living,1,16,Assistance with Daily Life (Includes SIL),Home and Living,H,No,20260701,99991231,87.7,122.78,131.55,Y,Y,Y,N,Y,Priced Supports
01_452_0107_1_1,Intensive and Complex Behaviour Supports - Saturday,0107,Daily Personal Activities,1,1,Assistance with Daily Life (Includes SIL),Assistance with Daily Life,H,No,20260701,99991231,112.01,156.81,168.02,Y,Y,Y,N,N,Priced Supports
01_452_0115_1_1,Intensive and Complex Behaviour Supports - Saturday,0115,Assistance With Daily Life Tasks In A Group Or Shared Living Arrangement,1,16,Assistance with Daily Life (Includes SIL),Home and Living,H,No,20260701,99991231,112.01,156.81,168.02,Y,Y,Y,N,N,Priced Supports
01_452_0138_1_1,Intensive and Complex Behaviour Supports - Saturday,0138,assistance in supported independent living,1,16,Assistance with Daily Life (Includes SIL),Home and Living,H,No,20260701,99991231,112.01,156.81,168.02,Y,Y,Y,N,Y,Priced Supports
01_453_0107_1_1,Intensive and Complex Behaviour Supports - Sunday,0107,Daily Personal Activities,1,1,Assistance with Daily Life (Includes SIL),Assistance with Daily Life,H,No,20260701,99991231,144.42,202.19,216.63,Y,Y,Y,N,N,Priced Supports
01_453_0115_1_1,Intensive and Complex Behaviour Supports - Sunday,0115,Assistance With Daily Life Tasks In A Group Or Shared Living Arrangement,1,16,Assistance with Daily Life (Includes SIL),Home and Living,H,No,20260701,99991231,144.42,202.19,216.63,Y,Y,Y,N,N,Priced Supports
01_453_0138_1_1,Intensive and Complex Behaviour Supports - Sunday,0138,assistance in supported independent living,1,16,Assistance with Daily Life (Includes SIL),Home and Living,H,No,20260701,99991231,144.42,202.19,216.63,Y,Y,Y,N,Y,Priced Supports
01_454_0107_1_1,Intensive and Complex Behaviour Supports - Public Holiday,0107,Daily Personal Activities,1,1,Assistance with Daily Life (Includes SIL),Assistance with Daily Life,H,No,20260701,99991231,176.84,247.58,265.26,Y,Y,Y,N,N,Priced Supports
01_454_0115_1_1,Intensive and Complex Behaviour Supports - Public Holiday,0115,Assistance With Daily Life Tasks In A Group Or Shared Living Arrangement,1,16,Assistance with Daily Life (Includes SIL),Home and Living,H,No,20260701,99991231,176.84,247.58,265.26,Y,Y,Y,N,N,Priced Supports
01_454_0138_1_1,Intensive and Complex Behaviour Supports - Public Holiday,0138,assistance in supported independent living,1,16,Assistance with Daily Life (Includes SIL),Home and Living,H,No,20260701,99991231,176.84,247.58,265.26,Y,Y,Y,N,Y,Priced Supports
01_455_0107_1_1,Intensive and Complex Behaviour Supports - Weekday Night,0107,Daily Personal Activities,1,1,Assistance with Daily Life (Includes SIL),Assistance with Daily Life,H,No,20260701,99991231,89.32,125.05,133.98,Y,Y,Y,N,N,Priced Supports
01_455_0115_1_1,Intensive and Complex Behaviour Supports - Weekday Night,0115,Assistance With Daily Life Tasks In A Group Or Shared Living Arrangement,1,16,Assistance with Daily Life (Includes SIL),Home and Living,H,No,20260701,99991231,89.32,125.05,133.98,Y,Y,Y,N,N,Priced Supports
01_455_0138_1_1,Intensive and Complex Behaviour Supports - Weekday Night,0138,assistance in supported independent living,1,16,Assistance with Daily Life (Includes SIL),Home and Living,H,No,20260701,99991231,89.32,125.05,133.98,Y,Y,Y,N,Y,Priced Supports
01_600_0114_1_1,Delivery of Health Supports by an Enrolled Nurse - Weekday Daytime,0114,Community Nursing Care,1,1,Assistance with Daily Life (Includes SIL),Assistance with Daily Life,H,No,20260701,99991231,103.44,144.82,155.16,Y,Y,Y,Y,N,Priced Supports
01_601_0114_1_1,Delivery of Health Supports by an Enrolled Nurse - Weekday Evening,0114,Community Nursing Care,1,1,Assistance with Daily Life (Includes SIL),Assistance with Daily Life,H,No,20260701,99991231,114.1,159.74,171.15,Y,Y,Y,Y,N,Priced Supports
01_602_0114_1_1,Delivery of Health Supports by an Enrolled Nurse - Saturday,0114,Community Nursing Care,1,1,Assistance with Daily Life (Includes SIL),Assistance with Daily Life,H,No,20260701,99991231,147.55,206.57,221.33,Y,Y,Y,Y,N,Priced Supports
01_603_0114_1_1,Delivery of Health Supports by an Enrolled Nurse - Sunday,0114,Community Nursing Care,1,1,Assistance with Daily Life (Includes SIL),Assistance with Daily Life,H,No,20260701,99991231,169.62,237.47,254.43,Y,Y,Y,Y,N,Priced Supports
01_604_0114_1_1,Delivery of Health Supports by an Enrolled Nurse - Public Holiday,0114,Community Nursing Care,1,1,Assistance with Daily Life (Includes SIL),Assistance with Daily Life,H,No,20260701,99991231,191.67,268.34,287.51,Y,Y,Y,Y,N,Priced Supports
01_605_0114_1_1,Delivery of Health Supports by an Enrolled Nurse - Weekday Night,0114,Community Nursing Care,1,1,Assistance with Daily Life (Includes SIL),Assistance with Daily Life,H,No,20260701,99991231,116.22,162.71,174.33,Y,Y,Y,Y,N,Priced Supports
01_606_0114_1_1,Delivery of Health Supports by a Registered Nurse - Weekday Daytime,0114,Community Nursing Care,1,1,Assistance with Daily Life (Includes SIL),Assistance with Daily Life,H,No,20260701,99991231,128.05,179.27,192.08,Y,Y,Y,Y,N,Priced Supports
01_607_0114_1_1,Delivery of Health Supports by a Registered Nurse - Weekday Evening,0114,Community Nursing Care,1,1,Assistance with Daily Life (Includes SIL),Assistance with Daily Life,H,No,20260701,99991231,141.27,197.78,211.91,Y,Y,Y,Y,N,Priced Supports
01_608_0114_1_1,Delivery of Health Supports by a Registered Nurse - Saturday,0114,Community Nursing Care,1,1,Assistance with Daily Life (Includes SIL),Assistance with Daily Life,H,No,20260701,99991231,182.75,255.85,274.13,Y,Y,Y,Y,N,Priced Supports
01_609_0114_1_1,Delivery of Health Supports by a Registered Nurse - Sunday,0114,Community Nursing Care,1,1,Assistance with Daily Life (Includes SIL),Assistance with Daily Life,H,No,20260701,99991231,210.09,294.13,315.14,Y,Y,Y,Y,N,Priced Supports
01_610_0114_1_1,Delivery of Health Supports by a Registered Nurse - Public Holiday,0114,Community Nursing Care,1,1,Assistance with Daily Life (Includes SIL),Assistance with Daily Life,H,No,20260701,99991231,237.43,332.4,356.15,Y,Y,Y,Y,N,Priced Supports
01_611_0114_1_1,Delivery of Health Supports by a Registered Nurse - Weekday Night,0114,Community Nursing Care,1,1,Assistance with Daily Life (Includes SIL),Assistance with Daily Life,H,No,20260701,99991231,143.9,201.46,215.85,Y,Y,Y,Y,N,Priced Supports
01_612_0114_1_1,Delivery of Health Supports by a Clinical Nurse - Weekday Daytime,0114,Community Nursing Care,1,1,Assistance with Daily Life (Includes SIL),Assistance with Daily Life,H,No,20260701,99991231,148.13,207.38,222.2,Y,Y,Y,Y,N,Priced Supports
01_613_0114_1_1,Delivery of Health Supports by a Clinical Nurse - Weekday Evening,0114,Community Nursing Care,1,1,Assistance with Daily Life (Includes SIL),Assistance with Daily Life,H,No,20260701,99991231,163.39,228.75,245.09,Y,Y,Y,Y,N,Priced Supports
01_614_0114_1_1,Delivery of Health Supports by a Clinical Nurse - Saturday,0114,Community Nursing Care,1,1,Assistance with Daily Life (Includes SIL),Assistance with Daily Life,H,No,20260701,99991231,211.39,295.95,317.09,Y,Y,Y,Y,N,Priced Supports
01_615_0114_1_1,Delivery of Health Supports by a Clinical Nurse - Sunday,0114,Community Nursing Care,1,1,Assistance with Daily Life (Includes SIL),Assistance with Daily Life,H,No,20260701,99991231,243.02,340.23,364.53,Y,Y,Y,Y,N,Priced Supports
01_616_0114_1_1,Delivery of Health Supports by a Clinical Nurse - Public Holiday,0114,Community Nursing Care,1,1,Assistance with Daily Life (Includes SIL),Assistance with Daily Life,H,No,20260701,99991231,274.64,384.5,411.96,Y,Y,Y,Y,N,Priced Supports
01_617_0114_1_1,Delivery of Health Supports by a Clinical Nurse - Weekday Night,0114,Community Nursing Care,1,1,Assistance with Daily Life (Includes SIL),Assistance with Daily Life,H,No,20260701,99991231,166.45,233.03,249.68,Y,Y,Y,Y,N,Priced Supports
01_618_0114_1_1,Delivery of Health Supports by a Clinical Nurse Consultant - Weekday Daytime,0114,Community Nursing Care,1,1,Assistance with Daily Life (Includes SIL),Assistance with Daily Life,H,No,20260701,99991231,175.18,245.25,262.77,Y,Y,Y,Y,N,Priced Supports
01_619_0114_1_1,Delivery of Health Supports by a Clinical Nurse Consultant - Weekday Evening,0114,Community Nursing Care,1,1,Assistance with Daily Life (Includes SIL),Assistance with Daily Life,H,No,20260701,99991231,193.27,270.58,289.91,Y,Y,Y,Y,N,Priced Supports
01_620_0114_1_1,Delivery of Health Supports by a Clinical Nurse Consultant - Saturday,0114,Community Nursing Care,1,1,Assistance with Daily Life (Includes SIL),Assistance with Daily Life,H,No,20260701,99991231,250.12,350.17,375.18,Y,Y,Y,Y,N,Priced Supports
01_621_0114_1_1,Delivery of Health Supports by a Clinical Nurse Consultant - Sunday,0114,Community Nursing Care,1,1,Assistance with Daily Life (Includes SIL),Assistance with Daily Life,H,No,20260701,99991231,287.58,402.61,431.37,Y,Y,Y,Y,N,Priced Supports
01_622_0114_1_1,Delivery of Health Supports by a Clinical Nurse Consultant - Public Holiday,0114,Community Nursing Care,1,1,Assistance with Daily Life (Includes SIL),Assistance with Daily Life,H,No,20260701,99991231,325.03,455.04,487.55,Y,Y,Y,Y,N,Priced Supports
01_623_0114_1_1,Delivery of Health Supports by a Clinical Nurse Consultant - Weekday Night,0114,Community Nursing Care,1,1,Assistance with Daily Life (Includes SIL),Assistance with Daily Life,H,No,20260701,99991231,196.89,275.65,295.34,Y,Y,Y,Y,N,Priced Supports
01_624_0114_1_1,Delivery of Health Supports by a Nurse Practitioner - Weekday Daytime,0114,Community Nursing Care,1,1,Assistance with Daily Life (Includes SIL),Assistance with Daily Life,H,No,20260701,99991231,183.15,256.41,274.73,Y,Y,Y,Y,N,Priced Supports
01_625_0114_1_1,Delivery of Health Supports by a Nurse Practitioner - Weekday Evening,0114,Community Nursing Care,1,1,Assistance with Daily Life (Includes SIL),Assistance with Daily Life,H,No,20260701,99991231,202.04,282.86,303.06,Y,Y,Y,Y,N,Priced Supports
01_626_0114_1_1,Delivery of Health Supports by a Nurse Practitioner - Saturday,0114,Community Nursing Care,1,1,Assistance with Daily Life (Includes SIL),Assistance with Daily Life,H,No,20260701,99991231,261.5,366.1,392.25,Y,Y,Y,Y,N,Priced Supports
01_627_0114_1_1,Delivery of Health Supports by a Nurse Practitioner - Sunday,0114,Community Nursing Care,1,1,Assistance with Daily Life (Includes SIL),Assistance with Daily Life,H,No,20260701,99991231,300.67,420.94,451.01,Y,Y,Y,Y,N,Priced Supports
01_628_0114_1_1,Delivery of Health Supports by a Nurse Practitioner - Public Holiday,0114,Community Nursing Care,1,1,Assistance with Daily Life (Includes SIL),Assistance with Daily Life,H,No,20260701,99991231,339.84,475.78,509.76,Y,Y,Y,Y,N,Priced Supports
01_629_0114_1_1,Delivery of Health Supports by a Nurse Practitioner - Weekday Night,0114,Community Nursing Care,1,1,Assistance with Daily Life (Includes SIL),Assistance with Daily Life,H,No,20260701,99991231,205.83,288.16,308.75,Y,Y,Y,Y,N,Priced Supports
01_650_0118_1_3,ECI Professional - Occupational Therapist - Direct Service,0118,Early Intervention Supports For Early Childhood,1,1,Assistance with Daily Life (Includes SIL),Assistance with Daily Life,H,No,20260701,99991231,193.99,271.59,290.99,N,N,N,N,N,Priced Supports
01_650_0118_1_3_CA,ECI Professional - Occupational Therapist - Cancellation,0118,Early Intervention Supports For Early Childhood,1,1,Assistance with Daily Life (Includes SIL),Assistance with Daily Life,H,No,20260701,99991231,193.99,271.59,290.99,N,N,N,N,N,Priced Supports
01_650_0118_1_3_NF,ECI Professional - Occupational Therapist - Non-Face-to-Face,0118,Early Intervention Supports For Early Childhood,1,1,Assistance with Daily Life (Includes SIL),Assistance with Daily Life,H,No,20260701,99991231,193.99,271.59,290.99,N,N,N,N,N,Priced Supports
01_650_0118_1_3_PT,ECI Professional - Occupational Therapist - Provider Travel,0118,Early Intervention Supports For Early Childhood,1,1,Assistance with Daily Life (Includes SIL),Assistance with Daily Life,H,No,20260701,99991231,97.0,135.8,145.5,N,N,N,N,N,Priced Supports
01_650_0118_1_3_RR,ECI Professional - Occupational Therapist - NDIA Requested Reports,0118,Early Intervention Supports For Early Childhood,1,1,Assistance with Daily Life (Includes SIL),Assistance with Daily Life,H,No,20260701,99991231,193.99,271.59,290.99,N,N,N,N,N,Priced Supports
01_650_0118_1_3_TH,ECI Professional - Occupational Therapist - Telehealth,0118,Early Intervention Supports For Early Childhood,1,1,Assistance with Daily Life (Includes SIL),Assistance with Daily Life,H,No,20260701,99991231,193.99,271.59,290.99,N,N,N,N,N,Priced Supports
01_653_0118_1_3,ECI Professional - Speech Pathologist - Direct Service,0118,Early Intervention Supports For Early Childhood,1,1,Assistance with Daily Life (Includes SIL),Assistance with Daily Life,H,No,20260701,99991231,193.99,271.59,290.99,N,N,N,N,N,Priced Supports
01_653_0118_1_3_CA,ECI Professional - Speech Pathologist - Cancellation,0118,Early Intervention Supports For Early Childhood,1,1,Assistance with Daily Life (Includes SIL),Assistance with Daily Life,H,No,20260701,99991231,193.99,271.59,290.99,N,N,N,N,N,Priced Supports
01_653_0118_1_3_NF,ECI Professional - Speech Pathologist - Non-Face-to-Face,0118,Early Intervention Supports For Early Childhood,1,1,Assistance with Daily Life (Includes SIL),Assistance with Daily Life,H,No,20260701,99991231,193.99,271.59,290.99,N,N,N,N,N,Priced Supports
01_653_0118_1_3_PT,ECI Professional - Speech Pathologist - Provider Travel,0118,Early Intervention Supports For Early Childhood,1,1,Assistance with Daily Life (Includes SIL),Assistance with Daily Life,H,No,20260701,99991231,97.0,135.8,145.5,N,N,N,N,N,Priced Supports
01_653_0118_1_3_RR,ECI Professional - Speech Pathologist - NDIA Requested Reports,0118,Early Intervention Supports For Early Childhood,1,1,Assistance with Daily Life (Includes SIL),Assistance with Daily Life,H,No,20260701,99991231,193.99,271.59,290.99,N,N,N,N,N,Priced Supports
01_653_0118_1_3_TH,ECI Professional - Speech Pathologist - Telehealth,0118,Early Intervention Supports For Early Childhood,1,1,Assistance with Daily Life (Includes SIL),Assistance with Daily Life,H,No,20260701,99991231,193.99,271.59,290.99,N,N,N,N,N,Priced Supports
01_661_0128_1_3,Therapy - Occupational Therapist - Direct Service,0128,Therapeutic Supports,1,1,Assistance with Daily Life (Includes SIL),Assistance with Daily Life,H,No,20260701,99991231,193.99,271.59,290.99,N,N,N,N,N,Priced Supports
01_661_0128_1_3_CA,Therapy - Occupational Therapist - Cancellation,0128,Therapeutic Supports,1,1,Assistance with Daily Life (Includes SIL),Assistance with Daily Life,H,No,20260701,99991231,193.99,271.59,290.99,N,N,N,N,N,Priced Supports
01_661_0128_1_3_NF,Therapy - Occupational Therapist - Non-Face-to-Face,0128,Therapeutic Supports,1,1,Assistance with Daily Life (Includes SIL),Assistance with Daily Life,H,No,20260701,99991231,193.99,271.59,290.99,N,N,N,N,N,Priced Supports
01_661_0128_1_3_PT,Therapy - Occupational Therapist - Provider Travel,0128,Therapeutic Supports,1,1,Assistance with Daily Life (Includes SIL),Assistance with Daily Life,H,No,20260701,99991231,97.0,135.8,145.5,N,N,N,N,N,Priced Supports
01_661_0128_1_3_RR,Therapy - Occupational Therapist - NDIA Requested Reports,0128,Therapeutic Supports,1,1,Assistance with Daily Life (Includes SIL),Assistance with Daily Life,H,No,20260701,99991231,193.99,271.59,290.99,N,N,N,N,N,Priced Supports
01_661_0128_1_3_TH,Therapy - Occupational Therapist - Telehealth,0128,Therapeutic Supports,1,1,Assistance with Daily Life (Includes SIL),Assistance with Daily Life,H,No,20260701,99991231,193.99,271.59,290.99,N,N,N,N,N,Priced Supports
01_663_0118_1_3,ECI Professional - Podiatrist - Direct Service,0118,Early Intervention Supports For Early Childhood,1,1,Assistance with Daily Life (Includes SIL),Assistance with Daily Life,H,No,20260701,99991231,188.99,264.59,283.49,N,N,N,N,N,Priced Supports
01_663_0118_1_3_CA,ECI Professional - Podiatrist - Cancellation,0118,Early Intervention Supports For Early Childhood,1,1,Assistance with Daily Life (Includes SIL),Assistance with Daily Life,H,No,20260701,99991231,188.99,264.59,283.49,N,N,N,N,N,Priced Supports
01_663_0118_1_3_NF,ECI Professional - Podiatrist - Non-Face-to-Face,0118,Early Intervention Supports For Early Childhood,1,1,Assistance with Daily Life (Includes SIL),Assistance with Daily Life,H,No,20260701,99991231,188.99,264.59,283.49,N,N,N,N,N,Priced Supports
01_663_0118_1_3_PT,ECI Professional - Podiatrist - Provider Travel,0118,Early Intervention Supports For Early Childhood,1,1,Assistance with Daily Life (Includes SIL),Assistance with Daily Life,H,No,20260701,99991231,94.5,132.3,141.75,N,N,N,N,N,Priced Supports
01_663_0118_1_3_RR,ECI Professional - Podiatrist - NDIA Requested Reports,0118,Early Intervention Supports For Early Childhood,1,1,Assistance with Daily Life (Includes SIL),Assistance with Daily Life,H,No,20260701,99991231,188.99,264.59,283.49,N,N,N,N,N,Priced Supports
01_663_0118_1_3_TH,ECI Professional - Podiatrist - Telehealth,0118,Early Intervention Supports For Early Childhood,1,1,Assistance with Daily Life (Includes SIL),Assistance with Daily Life,H,No,20260701,99991231,188.99,264.59,283.49,N,N,N,N,N,Priced Supports
01_663_0128_1_3,Therapy - Podiatrist - Direct Service,0128,Therapeutic Supports,1,1,Assistance with Daily Life (Includes SIL),Assistance with Daily Life,H,No,20260701,99991231,188.99,264.59,283.49,N,N,N,N,N,Priced Supports
01_663_0128_1_3_CA,Therapy - Podiatrist - Cancellation,0128,Therapeutic Supports,1,1,Assistance with Daily Life (Includes SIL),Assistance with Daily Life,H,No,20260701,99991231,188.99,264.59,283.49,N,N,N,N,N,Priced Supports
01_663_0128_1_3_NF,Therapy - Podiatrist - Non-Face-to-Face,0128,Therapeutic Supports,1,1,Assistance with Daily Life (Includes SIL),Assistance with Daily Life,H,No,20260701,99991231,188.99,264.59,283.49,N,N,N,N,N,Priced Supports
01_663_0128_1_3_PT,Therapy - Podiatrist - Provider Travel,0128,Therapeutic Supports,1,1,Assistance with Daily Life (Includes SIL),Assistance with Daily Life,H,No,20260701,99991231,94.5,132.3,141.75,N,N,N,N,N,Priced Supports
01_663_0128_1_3_RR,Therapy - Podiatrist - NDIA Requested Reports,0128,Therapeutic Supports,1,1,Assistance with Daily Life (Includes SIL),Assistance with Daily Life,H,No,20260701,99991231,188.99,264.59,283.49,N,N,N,N,N,Priced Supports
01_663_0128_1_3_TH,Therapy - Podiatrist - Telehealth,0128,Therapeutic Supports,1,1,Assistance with Daily Life (Includes SIL),Assistance with Daily Life,H,No,20260701,99991231,188.99,264.59,283.49,N,N,N,N,N,Priced Supports
01_665_0128_1_3,Therapy - Speech Pathologist - Direct Service,0128,Therapeutic Supports,1,1,Assistance with Daily Life (Includes SIL),Assistance with Daily Life,H,No,20260701,99991231,193.99,271.59,290.99,N,N,N,N,N,Priced Supports
01_665_0128_1_3_CA,Therapy - Speech Pathologist - Cancellation,0128,Therapeutic Supports,1,1,Assistance with Daily Life (Includes SIL),Assistance with Daily Life,H,No,20260701,99991231,193.99,271.59,290.99,N,N,N,N,N,Priced Supports
01_665_0128_1_3_NF,Therapy - Speech Pathologist - Non-Face-to-Face,0128,Therapeutic Supports,1,1,Assistance with Daily Life (Includes SIL),Assistance with Daily Life,H,No,20260701,99991231,193.99,271.59,290.99,N,N,N,N,N,Priced Supports
01_665_0128_1_3_PT,Therapy - Speech Pathologist - Provider Travel,0128,Therapeutic Supports,1,1,Assistance with Daily Life (Includes SIL),Assistance with Daily Life,H,No,20260701,99991231,97.0,135.8,145.5,N,N,N,N,N,Priced Supports
01_665_0128_1_3_RR,Therapy - Speech Pathologist - NDIA Requested Reports,0128,Therapeutic Supports,1,1,Assistance with Daily Life (Includes SIL),Assistance with Daily Life,H,No,20260701,99991231,193.99,271.59,290.99,N,N,N,N,N,Priced Supports
01_665_0128_1_3_TH,Therapy - Speech Pathologist - Telehealth,0128,Therapeutic Supports,1,1,Assistance with Daily Life (Includes SIL),Assistance with Daily Life,H,No,20260701,99991231,193.99,271.59,290.99,N,N,N,N,N,Priced Supports
01_700_0118_1_3,ECI Professional - Psychologist - Direct Service,0118,Early Intervention Supports For Early Childhood,1,1,Assistance with Daily Life (Includes SIL),Assistance with Daily Life,H,No,20260701,99991231,252.99,354.19,379.49,N,N,N,N,N,Priced Supports
01_700_0118_1_3_CA2,ECI Professional - Psychologist - Cancellation,0118,Early Intervention Supports For Early Childhood,1,1,Assistance with Daily Life (Includes SIL),Assistance with Daily Life,H,No,20260703,99991231,252.99,354.19,379.49,N,N,N,N,N,Priced Supports
01_700_0118_1_3_NF2,ECI Professional - Psychologist - Non-Face-to-Face,0118,Early Intervention Supports For Early Childhood,1,1,Assistance with Daily Life (Includes SIL),Assistance with Daily Life,H,No,20260703,99991231,252.99,354.19,379.49,N,N,N,N,N,Priced Supports
01_700_0118_1_3_PT,ECI Professional - Psychologist - Provider Travel,0118,Early Intervention Supports For Early Childhood,1,1,Assistance with Daily Life (Includes SIL),Assistance with Daily Life,H,No,20260701,99991231,126.5,177.1,189.75,N,N,N,N,N,Priced Supports
01_700_0118_1_3_RR,ECI Professional - Psychologist - NDIA Requested Reports,0118,Early Intervention Supports For Early Childhood,1,1,Assistance with Daily Life (Includes SIL),Assistance with Daily Life,H,No,20260701,99991231,252.99,354.19,379.49,N,N,N,N,N,Priced Supports
01_700_0118_1_3_TH,ECI Professional - Psychologist - Telehealth,0118,Early Intervention Supports For Early Childhood,1,1,Assistance with Daily Life (Includes SIL),Assistance with Daily Life,H,No,20260701,99991231,252.99,354.19,379.49,N,N,N,N,N,Priced Supports
01_701_0128_1_3,Therapy - Psychologist - Direct Service,0128,Therapeutic Supports,1,1,Assistance with Daily Life (Includes SIL),Assistance with Daily Life,H,No,20260701,99991231,252.99,354.19,379.49,N,N,N,N,N,Priced Supports
01_701_0128_1_3_CA,Therapy - Psychologist - Cancellation,0128,Therapeutic Supports,1,1,Assistance with Daily Life (Includes SIL),Assistance with Daily Life,H,No,20260701,99991231,252.99,354.19,379.49,N,N,N,N,N,Priced Supports
01_701_0128_1_3_NF,Therapy - Psychologist - Non-Face-to-Face,0128,Therapeutic Supports,1,1,Assistance with Daily Life (Includes SIL),Assistance with Daily Life,H,No,20260701,99991231,252.99,354.19,379.49,N,N,N,N,N,Priced Supports
01_701_0128_1_3_PT,Therapy - Psychologist - Provider Travel,0128,Therapeutic Supports,1,1,Assistance with Daily Life (Includes SIL),Assistance with Daily Life,H,No,20260701,99991231,126.5,177.1,189.75,N,N,N,N,N,Priced Supports
01_701_0128_1_3_RR,Therapy - Psychologist - NDIA Requested Reports,0128,Therapeutic Supports,1,1,Assistance with Daily Life (Includes SIL),Assistance with Daily Life,H,No,20260701,99991231,252.99,354.19,379.49,N,N,N,N,N,Priced Supports
01_701_0128_1_3_TH,Therapy - Psychologist - Telehealth,0128,Therapeutic Supports,1,1,Assistance with Daily Life (Includes SIL),Assistance with Daily Life,H,No,20260701,99991231,252.99,354.19,379.49,N,N,N,N,N,Priced Supports
01_720_0118_1_3,ECI Professional - Physiotherapist - Direct Service,0118,Early Intervention Supports For Early Childhood,1,1,Assistance with Daily Life (Includes SIL),Assistance with Daily Life,H,No,20260701,99991231,183.99,257.59,275.99,N,N,N,N,N,Priced Supports
01_720_0118_1_3_CA,ECI Professional - Physiotherapist - Cancellation,0118,Early Intervention Supports For Early Childhood,1,1,Assistance with Daily Life (Includes SIL),Assistance with Daily Life,H,No,20260701,99991231,183.99,257.59,275.99,N,N,N,N,N,Priced Supports
01_720_0118_1_3_NF,ECI Professional - Physiotherapist - Non-Face-to-Face,0118,Early Intervention Supports For Early Childhood,1,1,Assistance with Daily Life (Includes SIL),Assistance with Daily Life,H,No,20260701,99991231,183.99,257.59,275.99,N,N,N,N,N,Priced Supports
01_720_0118_1_3_PT,ECI Professional - Physiotherapist - Provider Travel,0118,Early Intervention Supports For Early Childhood,1,1,Assistance with Daily Life (Includes SIL),Assistance with Daily Life,H,No,20260701,99991231,92.0,128.8,138.0,N,N,N,N,N,Priced Supports
01_720_0118_1_3_RR,ECI Professional - Physiotherapist - NDIA Requested Reports,0118,Early Intervention Supports For Early Childhood,1,1,Assistance with Daily Life (Includes SIL),Assistance with Daily Life,H,No,20260701,99991231,183.99,257.59,275.99,N,N,N,N,N,Priced Supports
01_720_0118_1_3_TH,ECI Professional - Physiotherapist - Telehealth,0118,Early Intervention Supports For Early Childhood,1,1,Assistance with Daily Life (Includes SIL),Assistance with Daily Life,H,No,20260701,99991231,183.99,257.59,275.99,N,N,N,N,N,Priced Supports
01_721_0128_1_3,Therapy - Physiotherapist - Direct Service,0128,Therapeutic Supports,1,1,Assistance with Daily Life (Includes SIL),Assistance with Daily Life,H,No,20260701,99991231,183.99,257.59,275.99,N,N,N,N,N,Priced Supports
01_721_0128_1_3_CA,Therapy - Physiotherapist - Cancellation,0128,Therapeutic Supports,1,1,Assistance with Daily Life (Includes SIL),Assistance with Daily Life,H,No,20260701,99991231,183.99,257.59,275.99,N,N,N,N,N,Priced Supports
01_721_0128_1_3_NF,Therapy - Physiotherapist - Non-Face-to-Face,0128,Therapeutic Supports,1,1,Assistance with Daily Life (Includes SIL),Assistance with Daily Life,H,No,20260701,99991231,183.99,257.59,275.99,N,N,N,N,N,Priced Supports
01_721_0128_1_3_PT,Therapy - Physiotherapist - Provider Travel,0128,Therapeutic Supports,1,1,Assistance with Daily Life (Includes SIL),Assistance with Daily Life,H,No,20260701,99991231,92.0,128.8,138.0,N,N,N,N,N,Priced Supports
01_721_0128_1_3_RR,Therapy - Physiotherapist - NDIA Requested Reports,0128,Therapeutic Supports,1,1,Assistance with Daily Life (Includes SIL),Assistance with Daily Life,H,No,20260701,99991231,183.99,257.59,275.99,N,N,N,N,N,Priced Supports
01_721_0128_1_3_TH,Therapy - Physiotherapist - Telehealth,0128,Therapeutic Supports,1,1,Assistance with Daily Life (Includes SIL),Assistance with Daily Life,H,No,20260701,99991231,183.99,257.59,275.99,N,N,N,N,N,Priced Supports
01_740_0118_1_3,ECI Professional - Other Early Childhood Professional - Direct Service,0118,Early Intervention Supports For Early Childhood,1,1,Assistance with Daily Life (Includes SIL),Assistance with Daily Life,H,No,20260701,99991231,193.99,271.59,290.99,N,N,N,N,N,Priced Supports
01_740_0118_1_3_CA,ECI Professional - Other Early Childhood Professional - Cancellation,0118,Early Intervention Supports For Early Childhood,1,1,Assistance with Daily Life (Includes SIL),Assistance with Daily Life,H,No,20260701,99991231,193.99,271.59,290.99,N,N,N,N,N,Priced Supports
01_740_0118_1_3_NF,ECI Professional - Other Early Childhood Professional - Non-Face-to-Face,0118,Early Intervention Supports For Early Childhood,1,1,Assistance with Daily Life (Includes SIL),Assistance with Daily Life,H,No,20260701,99991231,193.99,271.59,290.99,N,N,N,N,N,Priced Supports
01_740_0118_1_3_PT,ECI Professional - Other Early Childhood Professional - Provider Travel,0118,Early Intervention Supports For Early Childhood,1,1,Assistance with Daily Life (Includes SIL),Assistance with Daily Life,H,No,20260701,99991231,97.0,135.8,145.5,N,N,N,N,N,Priced Supports
01_740_0118_1_3_RR,ECI Professional - Other Early Childhood Professional - NDIA Requested Reports,0118,Early Intervention Supports For Early Childhood,1,1,Assistance with Daily Life (Includes SIL),Assistance with Daily Life,H,No,20260701,99991231,193.99,271.59,290.99,N,N,N,N,N,Priced Supports
01_740_0118_1_3_TH,ECI Professional - Other Early Childhood Professional - Telehealth,0118,Early Intervention Supports For Early Childhood,1,1,Assistance with Daily Life (Includes SIL),Assistance with Daily Life,H,No,20260701,99991231,193.99,271.59,290.99,N,N,N,N,N,Priced Supports
01_741_0128_1_3,Therapy - Other Professional - Direct Service,0128,Therapeutic Supports,1,1,Assistance with Daily Life (Includes SIL),Assistance with Daily Life,H,No,20260701,99991231,156.16,218.62,234.24,N,N,N,N,N,Priced Supports
01_741_0128_1_3_CA,Therapy - Other Professional - Cancellation,0128,Therapeutic Supports,1,1,Assistance with Daily Life (Includes SIL),Assistance with Daily Life,H,No,20260701,99991231,156.16,218.62,234.24,N,N,N,N,N,Priced Supports
01_741_0128_1_3_NF,Therapy - Other Professional - Non-Face-to-Face,0128,Therapeutic Supports,1,1,Assistance with Daily Life (Includes SIL),Assistance with Daily Life,H,No,20260701,99991231,156.16,218.62,234.24,N,N,N,N,N,Priced Supports
01_741_0128_1_3_PT,Therapy - Other Professional - Provider Travel,0128,Therapeutic Supports,1,1,Assistance with Daily Life (Includes SIL),Assistance with Daily Life,H,No,20260701,99991231,78.08,109.31,117.12,N,N,N,N,N,Priced Supports
01_741_0128_1_3_RR,Therapy - Other Professional - NDIA Requested Reports,0128,Therapeutic Supports,1,1,Assistance with Daily Life (Includes SIL),Assistance with Daily Life,H,No,20260701,99991231,156.16,218.62,234.24,N,N,N,N,N,Priced Supports
01_741_0128_1_3_TH,Therapy - Other Professional - Telehealth,0128,Therapeutic Supports,1,1,Assistance with Daily Life (Includes SIL),Assistance with Daily Life,H,No,20260701,99991231,156.16,218.62,234.24,N,N,N,N,N,Priced Supports
01_760_0118_1_3,ECI Professional - Dietitian - Direct Service,0118,Early Intervention Supports For Early Childhood,1,1,Assistance with Daily Life (Includes SIL),Assistance with Daily Life,H,No,20260701,99991231,178.99,250.59,268.49,N,N,N,N,N,Priced Supports
01_760_0118_1_3_CA,ECI Professional - Dietitian - Cancellation,0118,Early Intervention Supports For Early Childhood,1,1,Assistance with Daily Life (Includes SIL),Assistance with Daily Life,H,No,20260701,99991231,178.99,250.59,268.49,N,N,N,N,N,Priced Supports
01_760_0118_1_3_NF,ECI Professional - Dietitian - Non-Face-to-Face,0118,Early Intervention Supports For Early Childhood,1,1,Assistance with Daily Life (Includes SIL),Assistance with Daily Life,H,No,20260701,99991231,178.99,250.59,268.49,N,N,N,N,N,Priced Supports
01_760_0118_1_3_PT,ECI Professional - Dietitian - Provider Travel,0118,Early Intervention Supports For Early Childhood,1,1,Assistance with Daily Life (Includes SIL),Assistance with Daily Life,H,No,20260701,99991231,89.5,125.3,134.25,N,N,N,N,N,Priced Supports
01_760_0118_1_3_RR,ECI Professional - Dietitian - NDIA Requested Reports,0118,Early Intervention Supports For Early Childhood,1,1,Assistance with Daily Life (Includes SIL),Assistance with Daily Life,H,No,20260701,99991231,178.99,250.59,268.49,N,N,N,N,N,Priced Supports
01_760_0118_1_3_TH,ECI Professional - Dietitian - Telehealth,0118,Early Intervention Supports For Early Childhood,1,1,Assistance with Daily Life (Includes SIL),Assistance with Daily Life,H,No,20260701,99991231,178.99,250.59,268.49,N,N,N,N,N,Priced Supports
01_760_0128_3_3,Therapy - Dietitian - Direct Service,0128,Therapeutic Supports,1,1,Assistance with Daily Life (Includes SIL),Assistance with Daily Life,H,No,20260701,99991231,178.99,250.59,268.49,N,N,N,N,N,Priced Supports
01_760_0128_3_3_CA,Therapy - Dietitian - Cancellation,0128,Therapeutic Supports,1,1,Assistance with Daily Life (Includes SIL),Assistance with Daily Life,H,No,20260701,99991231,178.99,250.59,268.49,N,N,N,N,N,Priced Supports
01_760_0128_3_3_NF,Therapy - Dietitian - Non-Face-to-Face,0128,Therapeutic Supports,1,1,Assistance with Daily Life (Includes SIL),Assistance with Daily Life,H,No,20260701,99991231,178.99,250.59,268.49,N,N,N,N,N,Priced Supports
01_760_0128_3_3_PT,Therapy - Dietitian - Provider Travel,0128,Therapeutic Supports,1,1,Assistance with Daily Life (Includes SIL),Assistance with Daily Life,H,No,20260701,99991231,89.5,125.3,134.25,N,N,N,N,N,Priced Supports
01_760_0128_3_3_RR,Therapy - Dietitian - NDIA Requested Reports,0128,Therapeutic Supports,1,1,Assistance with Daily Life (Includes SIL),Assistance with Daily Life,H,No,20260701,99991231,178.99,250.59,268.49,N,N,N,N,N,Priced Supports
01_760_0128_3_3_TH,Therapy - Dietitian - Telehealth,0128,Therapeutic Supports,1,1,Assistance with Daily Life (Includes SIL),Assistance with Daily Life,H,No,20260701,99991231,178.99,250.59,268.49,N,N,N,N,N,Priced Supports
01_799_0102_1_1,Provider travel - non-labour costs,0102,Assistance to Access and Maintain Employment or higher education,1,1,Assistance with Daily Life (Includes SIL),Assistance with Daily Life,E,No,20260701,99991231,1.0,1.0,1.0,N,N,N,N,N,Unit Price = $1
01_799_0104_1_1,Provider travel - non-labour costs,0104,High Intensity Daily Personal Activities,1,1,Assistance with Daily Life (Includes SIL),Assistance with Daily Life,E,No,20260701,99991231,1.0,1.0,1.0,N,N,N,N,N,Unit Price = $1
01_799_0106_1_1,Provider travel - non-labour costs,0106,"Assistance In Coordinating Or Managing Life Stages, Transitions And Supports",1,1,Assistance with Daily Life (Includes SIL),Assistance with Daily Life,E,No,20260701,99991231,1.0,1.0,1.0,N,N,N,N,N,Unit Price = $1
01_799_0107_1_1,Provider travel - non-labour costs,0107,Daily Personal Activities,1,1,Assistance with Daily Life (Includes SIL),Assistance with Daily Life,E,No,20260701,99991231,1.0,1.0,1.0,N,N,N,N,N,Unit Price = $1
01_799_0110_1_1,Provider travel - non-labour costs,0110,Specialist Positive Behaviour Support,1,1,Assistance with Daily Life (Includes SIL),Assistance with Daily Life,E,No,20260701,99991231,1.0,1.0,1.0,N,N,N,N,N,Unit Price = $1
01_799_0114_1_1,Provider travel - non-labour costs,0114,Community Nursing Care,1,1,Assistance with Daily Life (Includes SIL),Assistance with Daily Life,E,No,20260701,99991231,1.0,1.0,1.0,N,N,N,N,N,Unit Price = $1
01_799_0115_1_1,Provider travel - non-labour costs,0115,Assistance With Daily Life Tasks In A Group Or Shared Living Arrangement,1,16,Assistance with Daily Life (Includes SIL),Home and Living,E,No,20260701,99991231,1.0,1.0,1.0,N,N,N,N,N,Unit Price = $1
01_799_0138_1_1,Provider travel - non-labour costs,0138,assistance in supported independent living,1,16,Assistance with Daily Life (Includes SIL),Home and Living,E,No,20260701,99991231,1.0,1.0,1.0,N,N,N,N,N,Unit Price = $1
01_799_0117_8_1,Provider travel - non-labour costs,0117,Development Of Daily Living And Life Skills,1,1,Assistance with Daily Life (Includes SIL),Assistance with Daily Life,E,No,20260701,99991231,1.0,1.0,1.0,N,N,N,N,N,Unit Price = $1
01_799_0118_1_1,Provider travel - non-labour costs,0118,Early Intervention Supports For Early Childhood,1,1,Assistance with Daily Life (Includes SIL),Assistance with Daily Life,E,No,20260701,99991231,1.0,1.0,1.0,N,N,N,N,N,Unit Price = $1
01_799_0119_1_1,Provider travel - non-labour costs,0119,Specialised Hearing Services,1,1,Assistance with Daily Life (Includes SIL),Assistance with Daily Life,E,No,20260701,99991231,1.0,1.0,1.0,N,N,N,N,N,Unit Price = $1
01_799_0120_1_1,Provider travel - non-labour costs,0120,Household Tasks,1,1,Assistance with Daily Life (Includes SIL),Assistance with Daily Life,E,No,20260701,99991231,1.0,1.0,1.0,N,N,N,N,N,Unit Price = $1
01_799_0126_1_1,Provider travel - non-labour costs,0126,Exercise Physiology & Personal Well-being Activities,1,1,Assistance with Daily Life (Includes SIL),Assistance with Daily Life,E,No,20260701,99991231,1.0,1.0,1.0,N,N,N,N,N,Unit Price = $1
01_799_0128_1_1,Provider travel - non-labour costs,0128,Therapeutic Supports,1,1,Assistance with Daily Life (Includes SIL),Assistance with Daily Life,E,No,20260701,99991231,1.0,1.0,1.0,N,N,N,N,N,Unit Price = $1
01_799_0129_1_1,Provider travel - non-labour costs,0129,Specialised Driver Training,1,1,Assistance with Daily Life (Includes SIL),Assistance with Daily Life,E,No,20260701,99991231,1.0,1.0,1.0,N,N,N,N,N,Unit Price = $1
01_799_0132_1_1,Provider travel - non-labour costs,0132,Support Coordination,1,1,Assistance with Daily Life (Includes SIL),Assistance with Daily Life,E,No,20260701,99991231,1.0,1.0,1.0,N,N,N,N,N,Unit Price = $1
01_799_0134_1_1,Provider travel - non-labour costs,0134,Hearing Services,1,1,Assistance with Daily Life (Includes SIL),Assistance with Daily Life,E,No,20260701,99991231,1.0,1.0,1.0,N,N,N,N,N,Unit Price = $1
01_799_0135_1_1,Provider travel - non-labour costs,0135,Customised Prosthetics (includes Orthotics),1,1,Assistance with Daily Life (Includes SIL),Assistance with Daily Life,E,No,20260701,99991231,1.0,1.0,1.0,N,N,N,N,N,Unit Price = $1
01_801_0115_1_1,Assistance in Supported Independent Living - Standard - Weekday Daytime,0115,Assistance With Daily Life Tasks In A Group Or Shared Living Arrangement,1,16,Assistance with Daily Life (Includes SIL),Home and Living,H,No,20260701,99991231,73.58,103.01,110.37,Y,Y,Y,N,Y,Priced Supports
01_801_0138_1_1,Supported Independent Living - Standard - Weekday Daytime,0138,assistance in supported independent living,1,16,Assistance with Daily Life (Includes SIL),Home and Living,H,No,20260701,99991231,73.58,103.01,110.37,Y,Y,Y,N,Y,Priced Supports
01_802_0115_1_1,Assistance in Supported Independent Living - Standard - Weekday Evening,0115,Assistance With Daily Life Tasks In A Group Or Shared Living Arrangement,1,16,Assistance with Daily Life (Includes SIL),Home and Living,H,No,20260701,99991231,81.07,113.5,121.61,Y,Y,Y,N,Y,Priced Supports
01_802_0138_1_1,Supported Independent Living - Standard - Weekday Evening,0138,assistance in supported independent living,1,16,Assistance with Daily Life (Includes SIL),Home and Living,H,No,20260701,99991231,81.07,113.5,121.61,Y,Y,Y,N,Y,Priced Supports
01_803_0115_1_1,Assistance in Supported Independent Living - Standard - Weekday Night,0115,Assistance With Daily Life Tasks In A Group Or Shared Living Arrangement,1,16,Assistance with Daily Life (Includes SIL),Home and Living,H,No,20260701,99991231,82.57,115.6,123.86,Y,Y,Y,N,Y,Priced Supports
01_803_0138_1_1,Supported Independent Living - Standard - Weekday Night,0138,assistance in supported independent living,1,16,Assistance with Daily Life (Includes SIL),Home and Living,H,No,20260701,99991231,82.57,115.6,123.86,Y,Y,Y,N,Y,Priced Supports
01_804_0115_1_1,Assistance in Supported Independent Living - Standard - Saturday,0115,Assistance With Daily Life Tasks In A Group Or Shared Living Arrangement,1,16,Assistance with Daily Life (Includes SIL),Home and Living,H,No,20260701,99991231,103.54,144.96,155.31,Y,Y,Y,N,Y,Priced Supports
01_804_0138_1_1,Supported Independent Living - Standard - Saturday,0138,assistance in supported independent living,1,16,Assistance with Daily Life (Includes SIL),Home and Living,H,No,20260701,99991231,103.54,144.96,155.31,Y,Y,Y,N,Y,Priced Supports
01_805_0115_1_1,Assistance in Supported Independent Living - Standard - Sunday,0115,Assistance With Daily Life Tasks In A Group Or Shared Living Arrangement,1,16,Assistance with Daily Life (Includes SIL),Home and Living,H,No,20260701,99991231,133.5,186.9,200.25,Y,Y,Y,N,Y,Priced Supports
01_805_0138_1_1,Supported Independent Living - Standard - Sunday,0138,assistance in supported independent living,1,16,Assistance with Daily Life (Includes SIL),Home and Living,H,No,20260701,99991231,133.5,186.9,200.25,Y,Y,Y,N,Y,Priced Supports
01_806_0115_1_1,Assistance in Supported Independent Living - Standard - Public Holiday,0115,Assistance With Daily Life Tasks In A Group Or Shared Living Arrangement,1,16,Assistance with Daily Life (Includes SIL),Home and Living,H,No,20260701,99991231,163.46,228.84,245.19,Y,Y,Y,N,Y,Priced Supports
01_806_0138_1_1,Supported Independent Living - Standard - Public Holiday,0138,assistance in supported independent living,1,16,Assistance with Daily Life (Includes SIL),Home and Living,H,No,20260701,99991231,163.46,228.84,245.19,Y,Y,Y,N,Y,Priced Supports
01_811_0115_1_1,Assistance in Supported Independent Living - High Intensity - Weekday Daytime,0115,Assistance With Daily Life Tasks In A Group Or Shared Living Arrangement,1,16,Assistance with Daily Life (Includes SIL),Home and Living,H,No,20260701,99991231,79.6,111.44,119.4,Y,Y,Y,N,Y,Priced Supports
01_811_0138_1_1,Supported Independent Living - High Intensity - Weekday Daytime,0138,assistance in supported independent living,1,16,Assistance with Daily Life (Includes SIL),Home and Living,H,No,20260701,99991231,79.6,111.44,119.4,Y,Y,Y,N,Y,Priced Supports
01_812_0115_1_1,Assistance in Supported Independent Living - High Intensity - Weekday Evening,0115,Assistance With Daily Life Tasks In A Group Or Shared Living Arrangement,1,16,Assistance with Daily Life (Includes SIL),Home and Living,H,No,20260701,99991231,87.7,122.78,131.55,Y,Y,Y,N,Y,Priced Supports
01_812_0138_1_1,Supported Independent Living - High Intensity - Weekday Evening,0138,assistance in supported independent living,1,16,Assistance with Daily Life (Includes SIL),Home and Living,H,No,20260701,99991231,87.7,122.78,131.55,Y,Y,Y,N,Y,Priced Supports
01_813_0115_1_1,Assistance in Supported Independent Living - High Intensity - Weekday Night,0115,Assistance With Daily Life Tasks In A Group Or Shared Living Arrangement,1,16,Assistance with Daily Life (Includes SIL),Home and Living,H,No,20260701,99991231,89.32,125.05,133.98,Y,Y,Y,N,Y,Priced Supports
01_813_0138_1_1,Supported Independent Living - High Intensity - Weekday Night,0138,assistance in supported independent living,1,16,Assistance with Daily Life (Includes SIL),Home and Living,H,No,20260701,99991231,89.32,125.05,133.98,Y,Y,Y,N,Y,Priced Supports
01_814_0115_1_1,Assistance in Supported Independent Living - High Intensity - Saturday,0115,Assistance With Daily Life Tasks In A Group Or Shared Living Arrangement,1,16,Assistance with Daily Life (Includes SIL),Home and Living,H,No,20260701,99991231,112.01,156.81,168.02,Y,Y,Y,N,Y,Priced Supports
01_814_0138_1_1,Supported Independent Living - High Intensity - Saturday,0138,assistance in supported independent living,1,16,Assistance with Daily Life (Includes SIL),Home and Living,H,No,20260701,99991231,112.01,156.81,168.02,Y,Y,Y,N,Y,Priced Supports
01_815_0115_1_1,Assistance in Supported Independent Living - High Intensity - Sunday,0115,Assistance With Daily Life Tasks In A Group Or Shared Living Arrangement,1,16,Assistance with Daily Life (Includes SIL),Home and Living,H,No,20260701,99991231,144.42,202.19,216.63,Y,Y,Y,N,Y,Priced Supports
01_815_0138_1_1,Supported Independent Living - High Intensity - Sunday,0138,assistance in supported independent living,1,16,Assistance with Daily Life (Includes SIL),Home and Living,H,No,20260701,99991231,144.42,202.19,216.63,Y,Y,Y,N,Y,Priced Supports
01_816_0115_1_1,Assistance in Supported Independent Living - High Intensity - Public Holiday,0115,Assistance With Daily Life Tasks In A Group Or Shared Living Arrangement,1,16,Assistance with Daily Life (Includes SIL),Home and Living,H,No,20260701,99991231,176.84,247.58,265.26,Y,Y,Y,N,Y,Priced Supports
01_816_0138_1_1,Supported Independent Living - High Intensity - Public Holiday,0138,assistance in supported independent living,1,16,Assistance with Daily Life (Includes SIL),Home and Living,H,No,20260701,99991231,176.84,247.58,265.26,Y,Y,Y,N,Y,Priced Supports
01_821_0115_1_1,Assistance in Supported Independent Living - Weekly,0115,Assistance With Daily Life Tasks In A Group Or Shared Living Arrangement,1,16,Assistance with Daily Life (Includes SIL),Home and Living,WK,No,20260701,99991231,,,,Y,Y,Y,N,Y,Priced Supports
01_821_0138_1_1,Supported Independent Living - Weekly,0138,assistance in supported independent living,1,16,Assistance with Daily Life (Includes SIL),Home and Living,WK,No,20260701,99991231,,,,Y,Y,Y,N,Y,Priced Supports
01_822_0115_1_1,Assistance in Supported Independent Living - Exit Accommodation Permanently,0115,Assistance With Daily Life Tasks In A Group Or Shared Living Arrangement,1,16,Assistance with Daily Life (Includes SIL),Home and Living,WK,No,20260701,99991231,,,,N,N,N,N,N,Priced Supports
01_822_0138_1_1,Supported Independent Living - Exit Accommodation Permanently,0138,assistance in supported independent living,1,16,Assistance with Daily Life (Includes SIL),Home and Living,WK,No,20260701,99991231,,,,Y,Y,Y,N,Y,Priced Supports
01_832_0115_1_1,Assistance in Supported Independent Living - Night-Time Sleepover,0115,Assistance With Daily Life Tasks In A Group Or Shared Living Arrangement,1,16,Assistance with Daily Life (Includes SIL),Home and Living,E,No,20260701,99991231,311.79,436.51,467.69,Y,Y,Y,N,Y,Priced Supports
01_832_0138_1_1,Supported Independent Living - Night-Time Sleepover,0138,assistance in supported independent living,1,16,Assistance with Daily Life (Includes SIL),Home and Living,E,No,20260701,99991231,311.79,436.51,467.69,Y,Y,Y,N,Y,Priced Supports
01_850_0106_1_1,Individualised Living Options - Exploration and Design,0106,"Assistance In Coordinating Or Managing Life Stages, Transitions And Supports",1,16,Assistance with Daily Life (Includes SIL),Home and Living,H,No,20260701,99991231,100.14,140.19,150.21,Y,Y,Y,Y,N,Priced Supports
01_851_0115_1_1,Individualised Living Options - Support Model,0115,Assistance With Daily Life Tasks In A Group Or Shared Living Arrangement,1,16,Assistance with Daily Life (Includes SIL),Home and Living,WK,Yes,20260701,99991231,,,,,,,,,Quotable Supports
02_050_0108_1_1,Specialised Transport To School/Educational Facility/Employment/Community,0108,Assistance With Travel/Transport Arrangements,2,2,Transport,Transport,D,Yes,20260701,99991231,,,,,,,,,Quotable Supports
02_051_0108_1_1,Transport,0108,Assistance With Travel/Transport Arrangements,2,2,Transport,Transport,YR,No,20260701,99991231,1.0,1.0,1.0,N,N,N,N,N,Unit Price = $1
03_040000111_0103_1_1,Disability-Related Health Consumables - High Cost,0103,Assistive Products For Personal Care And Safety,3,3,Consumables,Consumables,E,Yes,20260701,99991231,,,,,,,,,Quotable Supports
03_040000919_0103_1_1,Disability-Related Health Consumables - Low Cost,0103,Assistive Products For Personal Care And Safety,3,3,Consumables,Consumables,E,No,20260701,99991231,1.0,1.0,1.0,N,N,N,N,N,Unit Price = $1
03_050903053_0103_1_1,Incontinence Alarms,0103,Assistive Products For Personal Care And Safety,3,3,Consumables,Consumables,E,No,20260701,99991231,1.0,1.0,1.0,N,N,N,N,N,Unit Price = $1
03_060000911_0135_1_1,Low Cost AT - Prosthetics And Orthotics,0135,Customised Prosthetics (includes Orthotics),3,3,Consumables,Consumables,E,No,20260701,99991231,1.0,1.0,1.0,N,N,N,N,N,Unit Price = $1
03_089_0121_1_1,Auslan Or Signed English Training,0121,Interpreting And Translation,3,3,Consumables,Consumables,H,No,20260701,99991231,,,,,,,,,
03_090_0121_1_1,Interpreting And Translating,0121,Interpreting And Translation,3,3,Consumables,Consumables,H,No,20260701,99991231,,,,,,,,,
03_090000911_0103_1_1,Low Cost AT - Personal Care And Safety,0103,Assistive Products For Personal Care And Safety,3,3,Consumables,Consumables,E,No,20260701,99991231,1.0,1.0,1.0,N,N,N,N,N,Unit Price = $1
03_090348111_0103_1_2,Extra cost for adapted or adapting clothing and/or footwear for disability need,0103,Assistive Products For Personal Care And Safety,3,3,Consumables,Consumables,E,No,20260701,99991231,1.0,1.0,1.0,N,N,N,N,N,Unit Price = $1
03_090900111_0103_1_2,Assistive products for dressing or undressing,0103,Assistive Products For Personal Care And Safety,3,3,Consumables,Consumables,E,No,20260701,99991231,1.0,1.0,1.0,N,N,N,N,N,Unit Price = $1
03_091_0121_1_1,Telephone Or Video Interpreting,0121,Interpreting And Translation,3,3,Consumables,Consumables,H,No,20260701,99991231,,,,,,,,,
03_091800084_0103_1_1,Continence - bowel care,0103,Assistive Products For Personal Care And Safety,3,3,Consumables,Consumables,E,No,20260701,99991231,1.0,1.0,1.0,N,N,N,N,N,Unit Price = $1
03_092100082_0103_1_1,Continence - consumables,0103,Assistive Products For Personal Care And Safety,3,3,Consumables,Consumables,E,No,20260701,99991231,1.0,1.0,1.0,N,N,N,N,N,Unit Price = $1
03_092400080_0103_1_1,Continence - catheters/sheaths,0103,Assistive Products For Personal Care And Safety,3,3,Consumables,Consumables,E,No,20260701,99991231,1.0,1.0,1.0,N,N,N,N,N,Unit Price = $1
03_092700081_0103_1_1,Continence - drain/leg bags,0103,Assistive Products For Personal Care And Safety,3,3,Consumables,Consumables,E,No,20260701,99991231,1.0,1.0,1.0,N,N,N,N,N,Unit Price = $1
03_092700083_0103_1_1,Continence - urinary collection items and accessories,0103,Assistive Products For Personal Care And Safety,3,3,Consumables,Consumables,E,No,20260701,99991231,1.0,1.0,1.0,N,N,N,N,N,Unit Price = $1
03_093021078_0103_1_1,Continence - reusable/washable personal protection,0103,Assistive Products For Personal Care And Safety,3,3,Consumables,Consumables,E,No,20260701,99991231,1.0,1.0,1.0,N,N,N,N,N,Unit Price = $1
03_093021079_0103_1_1,Continence - disposable personal protection,0103,Assistive Products For Personal Care And Safety,3,3,Consumables,Consumables,E,No,20260701,99991231,1.0,1.0,1.0,N,N,N,N,N,Unit Price = $1
03_093040085_0103_1_1,Continence - bed/chair/floor protection,0103,Assistive Products For Personal Care And Safety,3,3,Consumables,Consumables,E,No,20260701,99991231,1.0,1.0,1.0,N,N,N,N,N,Unit Price = $1
03_120000911_0105_1_1,Low Cost AT - Personal Mobility,0105,Personal Mobility Equipment,3,3,Consumables,Consumables,E,No,20260701,99991231,1.0,1.0,1.0,N,N,N,N,N,Unit Price = $1
03_150930078_0103_1_1,HEN - pump plus accessory - syringe feed,0103,Assistive Products For Personal Care And Safety,3,3,Consumables,Consumables,YR,No,20260701,99991231,,,,N,N,N,N,N,
03_150930079_0103_1_1,HEN - pump plus accessory - non-syringe feed,0103,Assistive Products For Personal Care And Safety,3,3,Consumables,Consumables,YR,No,20260701,99991231,,,,N,N,N,N,N,
03_150930080_0103_1_1,HEN - bolus syringes,0103,Assistive Products For Personal Care And Safety,3,3,Consumables,Consumables,YR,No,20260701,99991231,,,,N,N,N,N,N,
03_150930081_0103_1_1,HEN - gastrostomy devices,0103,Assistive Products For Personal Care And Safety,3,3,Consumables,Consumables,YR,No,20260701,99991231,,,,N,N,N,N,N,
03_150930082_0103_1_1,Additional Extension Sets For Bolus Feeding - 10/Annual,0103,Assistive Products For Personal Care And Safety,3,3,Consumables,Consumables,YR,No,20260701,99991231,,,,N,N,N,N,N,
03_150930083_0103_1_1,Additional Extension Sets For Pump Feeding - 10/Annual,0103,Assistive Products For Personal Care And Safety,3,3,Consumables,Consumables,YR,No,20260701,99991231,,,,N,N,N,N,N,
03_150930084_0103_1_1,HEN - giving sets,0103,Assistive Products For Personal Care And Safety,3,3,Consumables,Consumables,YR,No,20260701,99991231,,,,N,N,N,N,N,
03_150930085_0103_1_1,HEN - containers,0103,Assistive Products For Personal Care And Safety,3,3,Consumables,Consumables,YR,No,20260701,99991231,,,,N,N,N,N,N,
03_150930086_0103_1_1,Additional Bolus Syringes - 100/Annual,0103,Assistive Products For Personal Care And Safety,3,3,Consumables,Consumables,YR,No,20260701,99991231,,,,N,N,N,N,N,
03_150930087_0103_1_1,HEN - water flush syringes,0103,Assistive Products For Personal Care And Safety,3,3,Consumables,Consumables,YR,No,20260701,99991231,,,,N,N,N,N,N,
03_150930088_0103_1_1,HEN - Other equipment,0103,Assistive Products For Personal Care And Safety,3,3,Consumables,Consumables,E,No,20260701,99991231,,,,N,N,N,N,N,
03_220300911_0113_1_1,Low Cost AT - Vision Related AT,0113,Vision Equipment,3,3,Consumables,Consumables,E,No,20260701,99991231,1.0,1.0,1.0,N,N,N,N,N,Unit Price = $1
03_220600911_0122_1_1,Low Cost AT - Hearing Related AT,0122,Hearing Equipment,3,3,Consumables,Consumables,E,No,20260701,99991231,1.0,1.0,1.0,N,N,N,N,N,Unit Price = $1
03_222100911_0124_1_1,Low Cost AT - Communication Or Cognitive Support,0124,Communication And Information Equipment,3,3,Consumables,Consumables,E,No,20260701,99991231,1.0,1.0,1.0,N,N,N,N,N,Unit Price = $1
03_501509092_0103_1_1,Repairs and Maintenance - HEN AT,0103,Assistive Products For Personal Care And Safety,3,3,Consumables,Consumables,E,No,20260701,99991231,1.0,1.0,1.0,N,N,N,N,N,Unit Price = $1
03_710400002_0103_1_1,Disability-Related Health Equipment and Consumables - Set Up/Training,0103,Assistive Products For Personal Care And Safety,3,3,Consumables,Consumables,E,No,20260701,99991231,1.0,1.0,1.0,N,N,N,N,N,Unit Price = $1
03_710930080_0103_1_1,Delivery - Personal care Safety and Disability-related Health Consumables,0103,Assistive Products For Personal Care And Safety,3,3,Consumables,Consumables,E,No,20260701,99991231,1.0,1.0,1.0,N,N,N,N,N,Unit Price = $1
03_900100156_0130_1_1,Assistance Animal - Dog Guide - Dietary Needs,0130,Assistance Animals,3,3,Consumables,Consumables,E,No,20260701,99991231,1.0,1.0,1.0,N,N,N,N,N,Unit Price = $1
03_900100157_0130_1_1,Assistance Animal - Dog Guide - Grooming,0130,Assistance Animals,3,3,Consumables,Consumables,E,No,20260701,99991231,1.0,1.0,1.0,N,N,N,N,N,Unit Price = $1
03_900100158_0130_1_1,Assistance Animal - Dog Guide - Veterinary Services,0130,Assistance Animals,3,3,Consumables,Consumables,E,No,20260701,99991231,1.0,1.0,1.0,N,N,N,N,N,Unit Price = $1
03_900100159_0130_1_1,Assistance Animal - Dog Guide - Annual Accreditation,0130,Assistance Animals,3,3,Consumables,Consumables,E,No,20260701,99991231,1.0,1.0,1.0,N,N,N,N,N,Unit Price = $1
04_049_0104_1_1,Establishment Fee For Personal Care/Participation,0104,High Intensity Daily Personal Activities,4,4,"Assistance with Social, Economic and Community Participation","Assistance with Social, Economic and Community Participation",E,No,20260701,99991231,735.8,1030.12,1103.7,N,N,N,N,N,Priced Supports
04_049_0125_1_1,Establishment Fee For Personal Care/Participation,0125,"Participation In Community, Social And Civic Activities",4,4,"Assistance with Social, Economic and Community Participation","Assistance with Social, Economic and Community Participation",E,No,20260701,99991231,735.8,1030.12,1103.7,N,N,N,N,N,Priced Supports
04_049_0133_5_1,Establishment Fee For Personal Care/Participation,0133,Specialised Supported Employment,4,4,"Assistance with Social, Economic and Community Participation","Assistance with Social, Economic and Community Participation",E,No,20260701,99991231,735.8,1030.12,1103.7,N,N,N,N,N,Priced Supports
04_049_0136_1_1,Establishment Fee For Personal Care/Participation,0136,Group And Centre Based Activities,4,4,"Assistance with Social, Economic and Community Participation","Assistance with Social, Economic and Community Participation",E,No,20260701,99991231,735.8,1030.12,1103.7,N,N,N,N,N,Priced Supports
04_102_0125_6_1,Access Community Social and Rec Activ - Standard - Public Holiday,0125,"Participation In Community, Social And Civic Activities",4,4,"Assistance with Social, Economic and Community Participation","Assistance with Social, Economic and Community Participation",H,No,20260701,99991231,163.46,228.84,245.19,Y,Y,Y,N,N,Priced Supports
04_102_0136_6_1,Group Activities - Standard - Weekday Daytime,0136,Group And Centre Based Activities,4,4,"Assistance with Social, Economic and Community Participation","Assistance with Social, Economic and Community Participation",H,No,20260701,99991231,73.58,103.01,110.37,Y,Y,Y,N,N,Priced Supports
04_103_0125_6_1,Access Community Social and Rec Activ - Standard - Weekday Evening,0125,"Participation In Community, Social And Civic Activities",4,4,"Assistance with Social, Economic and Community Participation","Assistance with Social, Economic and Community Participation",H,No,20260701,99991231,81.07,113.5,121.61,Y,Y,Y,N,N,Priced Supports
04_103_0136_6_1,Group Activities - Standard - Weekday Evening,0136,Group And Centre Based Activities,4,4,"Assistance with Social, Economic and Community Participation","Assistance with Social, Economic and Community Participation",H,No,20260701,99991231,81.07,113.5,121.61,Y,Y,Y,N,N,Priced Supports
04_104_0125_6_1,Access Community Social and Rec Activ - Standard - Weekday Daytime,0125,"Participation In Community, Social And Civic Activities",4,4,"Assistance with Social, Economic and Community Participation","Assistance with Social, Economic and Community Participation",H,No,20260701,99991231,73.58,103.01,110.37,Y,Y,Y,N,N,Priced Supports
04_104_0136_6_1,Group Activities - Standard - Saturday,0136,Group And Centre Based Activities,4,4,"Assistance with Social, Economic and Community Participation","Assistance with Social, Economic and Community Participation",H,No,20260701,99991231,103.54,144.96,155.31,Y,Y,Y,N,N,Priced Supports
04_105_0125_6_1,Access Community Social and Rec Activ - Standard - Saturday,0125,"Participation In Community, Social And Civic Activities",4,4,"Assistance with Social, Economic and Community Participation","Assistance with Social, Economic and Community Participation",H,No,20260701,99991231,103.54,144.96,155.31,Y,Y,Y,N,N,Priced Supports
04_105_0136_6_1,Group Activities - Standard - Sunday,0136,Group And Centre Based Activities,4,4,"Assistance with Social, Economic and Community Participation","Assistance with Social, Economic and Community Participation",H,No,20260701,99991231,133.5,186.9,200.25,Y,Y,Y,N,N,Priced Supports
04_106_0125_6_1,Access Community Social and Rec Activ - Standard - Sunday,0125,"Participation In Community, Social And Civic Activities",4,4,"Assistance with Social, Economic and Community Participation","Assistance with Social, Economic and Community Participation",H,No,20260701,99991231,133.5,186.9,200.25,Y,Y,Y,N,N,Priced Supports
04_106_0136_6_1,Group Activities - Standard - Public Holiday,0136,Group And Centre Based Activities,4,4,"Assistance with Social, Economic and Community Participation","Assistance with Social, Economic and Community Participation",H,No,20260701,99991231,163.46,228.84,245.19,Y,Y,Y,N,N,Priced Supports
04_210_0125_6_1,Community Social And Recreational Activities,0125,"Participation In Community, Social And Civic Activities",4,4,"Assistance with Social, Economic and Community Participation","Assistance with Social, Economic and Community Participation",E,No,20260701,99991231,,,,N,N,N,N,N,
04_400_0104_1_1,Access Community Social and Rec Activ - High Intensity - Weekday Daytime,0104,High Intensity Daily Personal Activities,4,4,"Assistance with Social, Economic and Community Participation","Assistance with Social, Economic and Community Participation",H,No,20260701,99991231,79.6,111.44,119.4,Y,Y,Y,N,N,Priced Supports
04_401_0104_1_1,Access Community Social and Rec Activ - High Intensity - Weekday Evening,0104,High Intensity Daily Personal Activities,4,4,"Assistance with Social, Economic and Community Participation","Assistance with Social, Economic and Community Participation",H,No,20260701,99991231,87.7,122.78,131.55,Y,Y,Y,N,N,Priced Supports
04_402_0104_1_1,Access Community Social and Rec Activ - High Intensity - Saturday,0104,High Intensity Daily Personal Activities,4,4,"Assistance with Social, Economic and Community Participation","Assistance with Social, Economic and Community Participation",H,No,20260701,99991231,112.01,156.81,168.02,Y,Y,Y,N,N,Priced Supports
04_403_0104_1_1,Access Community Social and Rec Activ - High Intensity - Sunday,0104,High Intensity Daily Personal Activities,4,4,"Assistance with Social, Economic and Community Participation","Assistance with Social, Economic and Community Participation",H,No,20260701,99991231,144.42,202.19,216.63,Y,Y,Y,N,N,Priced Supports
04_404_0104_1_1,Access Community Social and Rec Activ - High Intensity - Public Holiday,0104,High Intensity Daily Personal Activities,4,4,"Assistance with Social, Economic and Community Participation","Assistance with Social, Economic and Community Participation",H,No,20260701,99991231,176.84,247.58,265.26,Y,Y,Y,N,N,Priced Supports
04_450_0125_1_1,Intensive and Complex Behaviour Supports - Weekday Daytime,0125,"Participation In Community, Social And Civic Activities",4,4,"Assistance with Social, Economic and Community Participation","Assistance with Social, Economic and Community Participation",H,No,20260701,99991231,79.6,111.44,119.4,Y,Y,Y,N,N,Priced Supports
04_450_0136_1_1,Intensive and Complex Behaviour Supports - Weekday Daytime,0136,Group And Centre Based Activities,4,4,"Assistance with Social, Economic and Community Participation","Assistance with Social, Economic and Community Participation",H,No,20260701,99991231,79.6,111.44,119.4,Y,Y,Y,N,N,Priced Supports
04_451_0125_1_1,Intensive and Complex Behaviour Supports - Weekday Evening,0125,"Participation In Community, Social And Civic Activities",4,4,"Assistance with Social, Economic and Community Participation","Assistance with Social, Economic and Community Participation",H,No,20260701,99991231,87.7,122.78,131.55,Y,Y,Y,N,N,Priced Supports
04_451_0136_1_1,Intensive and Complex Behaviour Supports - Weekday Evening,0136,Group And Centre Based Activities,4,4,"Assistance with Social, Economic and Community Participation","Assistance with Social, Economic and Community Participation",H,No,20260701,99991231,87.7,122.78,131.55,Y,Y,Y,N,N,Priced Supports
04_452_0125_1_1,Intensive and Complex Behaviour Supports - Saturday,0125,"Participation In Community, Social And Civic Activities",4,4,"Assistance with Social, Economic and Community Participation","Assistance with Social, Economic and Community Participation",H,No,20260701,99991231,112.01,156.81,168.02,Y,Y,Y,N,N,Priced Supports
04_452_0136_1_1,Intensive and Complex Behaviour Supports - Saturday,0136,Group And Centre Based Activities,4,4,"Assistance with Social, Economic and Community Participation","Assistance with Social, Economic and Community Participation",H,No,20260701,99991231,112.01,156.81,168.02,Y,Y,Y,N,N,Priced Supports
04_453_0125_1_1,Intensive and Complex Behaviour Supports - Sunday,0125,"Participation In Community, Social And Civic Activities",4,4,"Assistance with Social, Economic and Community Participation","Assistance with Social, Economic and Community Participation",H,No,20260701,99991231,144.42,202.19,216.63,Y,Y,Y,N,N,Priced Supports
04_453_0136_1_1,Intensive and Complex Behaviour Supports - Sunday,0136,Group And Centre Based Activities,4,4,"Assistance with Social, Economic and Community Participation","Assistance with Social, Economic and Community Participation",H,No,20260701,99991231,144.42,202.19,216.63,Y,Y,Y,N,N,Priced Supports
04_454_0125_1_1,Intensive and Complex Behaviour Supports - Public Holiday,0125,"Participation In Community, Social And Civic Activities",4,4,"Assistance with Social, Economic and Community Participation","Assistance with Social, Economic and Community Participation",H,No,20260701,99991231,176.84,247.58,265.26,Y,Y,Y,N,N,Priced Supports
04_454_0136_1_1,Intensive and Complex Behaviour Supports - Public Holiday,0136,Group And Centre Based Activities,4,4,"Assistance with Social, Economic and Community Participation","Assistance with Social, Economic and Community Participation",H,No,20260701,99991231,176.84,247.58,265.26,Y,Y,Y,N,N,Priced Supports
04_590_0125_6_1,Activity Based Transport,0125,"Participation In Community, Social And Civic Activities",4,4,"Assistance with Social, Economic and Community Participation","Assistance with Social, Economic and Community Participation",E,No,20260701,99991231,1.0,1.0,1.0,N,N,N,N,N,Unit Price = $1
04_591_0136_6_1,Activity Based Transport,0136,Group And Centre Based Activities,4,4,"Assistance with Social, Economic and Community Participation","Assistance with Social, Economic and Community Participation",E,No,20260701,99991231,1.0,1.0,1.0,N,N,N,N,N,Unit Price = $1
04_592_0104_6_1,Activity Based Transport,0104,High Intensity Daily Personal Activities,4,4,"Assistance with Social, Economic and Community Participation","Assistance with Social, Economic and Community Participation",E,No,20260701,99991231,1.0,1.0,1.0,N,N,N,N,N,Unit Price = $1
04_599_0104_6_1,Centre Capital Cost,0104,High Intensity Daily Personal Activities,4,4,"Assistance with Social, Economic and Community Participation","Assistance with Social, Economic and Community Participation",H,No,20260701,99991231,2.71,3.79,4.07,N,N,Y,N,N,Priced Supports
04_599_0133_5_1,Centre Capital Cost,0133,Specialised Supported Employment,4,4,"Assistance with Social, Economic and Community Participation","Assistance with Social, Economic and Community Participation",H,No,20260701,99991231,2.71,3.79,4.07,N,N,Y,N,N,Priced Supports
04_599_0136_6_1,Centre Capital Cost,0136,Group And Centre Based Activities,4,4,"Assistance with Social, Economic and Community Participation","Assistance with Social, Economic and Community Participation",H,No,20260701,99991231,2.71,3.79,4.07,N,N,Y,N,N,Priced Supports
04_600_0104_6_1,Group Activities - High Intensity - Weekday Daytime,0104,High Intensity Daily Personal Activities,4,4,"Assistance with Social, Economic and Community Participation","Assistance with Social, Economic and Community Participation",H,No,20260701,99991231,79.6,111.44,119.4,Y,Y,Y,N,N,Priced Supports
04_601_0104_6_1,Group Activities - High Intensity - Weekday Evening,0104,High Intensity Daily Personal Activities,4,4,"Assistance with Social, Economic and Community Participation","Assistance with Social, Economic and Community Participation",H,No,20260701,99991231,87.7,122.78,131.55,Y,Y,Y,N,N,Priced Supports
04_602_0104_6_1,Group Activities - High Intensity - Saturday,0104,High Intensity Daily Personal Activities,4,4,"Assistance with Social, Economic and Community Participation","Assistance with Social, Economic and Community Participation",H,No,20260701,99991231,112.01,156.81,168.02,Y,Y,Y,N,N,Priced Supports
04_603_0104_6_1,Group Activities - High Intensity - Sunday,0104,High Intensity Daily Personal Activities,4,4,"Assistance with Social, Economic and Community Participation","Assistance with Social, Economic and Community Participation",H,No,20260701,99991231,144.42,202.19,216.63,Y,Y,Y,N,N,Priced Supports
04_604_0104_6_1,Group Activities - High Intensity - Public Holiday,0104,High Intensity Daily Personal Activities,4,4,"Assistance with Social, Economic and Community Participation","Assistance with Social, Economic and Community Participation",H,No,20260701,99991231,176.84,247.58,265.26,Y,Y,Y,N,N,Priced Supports
04_799_0104_6_1,Provider travel - non-labour costs,0104,High Intensity Daily Personal Activities,4,4,"Assistance with Social, Economic and Community Participation","Assistance with Social, Economic and Community Participation",E,No,20260701,99991231,1.0,1.0,1.0,N,N,N,N,N,Unit Price = $1
04_799_0125_6_1,Provider travel - non-labour costs,0125,"Participation In Community, Social And Civic Activities",4,4,"Assistance with Social, Economic and Community Participation","Assistance with Social, Economic and Community Participation",E,No,20260701,99991231,1.0,1.0,1.0,N,N,N,N,N,Unit Price = $1
04_799_0133_5_1,Provider travel - non-labour costs,0133,Specialised Supported Employment,4,4,"Assistance with Social, Economic and Community Participation","Assistance with Social, Economic and Community Participation",E,No,20260701,99991231,1.0,1.0,1.0,N,N,N,N,N,Unit Price = $1
04_799_0136_6_1,Provider travel - non-labour costs,0136,Group And Centre Based Activities,4,4,"Assistance with Social, Economic and Community Participation","Assistance with Social, Economic and Community Participation",E,No,20260701,99991231,1.0,1.0,1.0,N,N,N,N,N,Unit Price = $1
04_801_0133_5_1,Supports in Employment - Weekday Daytime,0133,Specialised Supported Employment,4,4,"Assistance with Social, Economic and Community Participation","Assistance with Social, Economic and Community Participation",H,No,20260701,99991231,73.58,103.01,110.37,Y,Y,Y,N,N,Priced Supports
04_802_0133_5_1,Supports in Employment - Weekday Evening,0133,Specialised Supported Employment,4,4,"Assistance with Social, Economic and Community Participation","Assistance with Social, Economic and Community Participation",H,No,20260701,99991231,81.07,113.5,121.61,Y,Y,Y,N,N,Priced Supports
04_803_0133_5_1,Supports in Employment - Saturday,0133,Specialised Supported Employment,4,4,"Assistance with Social, Economic and Community Participation","Assistance with Social, Economic and Community Participation",H,No,20260701,99991231,103.54,144.96,155.31,Y,Y,Y,N,N,Priced Supports
04_804_0133_5_1,Supports in Employment - Sunday,0133,Specialised Supported Employment,4,4,"Assistance with Social, Economic and Community Participation","Assistance with Social, Economic and Community Participation",H,No,20260701,99991231,133.5,186.9,200.25,Y,Y,Y,N,N,Priced Supports
04_805_0133_5_1,Supports in Employment - Public Holiday,0133,Specialised Supported Employment,4,4,"Assistance with Social, Economic and Community Participation","Assistance with Social, Economic and Community Participation",H,No,20260701,99991231,163.46,228.84,245.19,Y,Y,Y,N,N,Priced Supports
04_821_0133_6_1,Activity Based Transport,0133,Specialised Supported Employment,4,4,"Assistance with Social, Economic and Community Participation","Assistance with Social, Economic and Community Participation",E,No,20260701,99991231,1.0,1.0,1.0,N,N,N,N,N,Unit Price = $1
05_0002_0103_1_2,AT Supplementary Charge - AT Personal Care/Safety,0103,Assistive Products For Personal Care And Safety,5,5,Assistive Technology,Assistive Technology,E,No,20260701,99991231,1.0,1.0,1.0,N,N,N,N,N,Unit Price = $1
05_0002_0105_1_2,AT Supplementary Charge - Personal Mobility or Transfer,0105,Personal Mobility Equipment,5,5,Assistive Technology,Assistive Technology,E,No,20260701,99991231,1.0,1.0,1.0,N,N,N,N,N,Unit Price = $1
05_0002_0109_1_2,AT Supplementary Charge - Vehicle modifications,0109,Vehicle Modifications,5,5,Assistive Technology,Assistive Technology,E,No,20260701,99991231,1.0,1.0,1.0,N,N,N,N,N,Unit Price = $1
05_0002_0112_1_2,AT Supplementary Charge - Recreation including sport,0112,Assistive Equipment For Recreation,5,5,Assistive Technology,Assistive Technology,E,No,20260701,99991231,1.0,1.0,1.0,N,N,N,N,N,Unit Price = $1
05_0002_0113_1_2,AT Supplementary Charge - Vision,0113,Vision Equipment,5,5,Assistive Technology,Assistive Technology,E,No,20260701,99991231,1.0,1.0,1.0,N,N,N,N,N,Unit Price = $1
05_0002_0122_1_2,AT Supplementary Charge - Hearing products,0122,Hearing Equipment,5,5,Assistive Technology,Assistive Technology,E,No,20260701,99991231,1.0,1.0,1.0,N,N,N,N,N,Unit Price = $1
05_0002_0123_1_2,AT Supplementary Charge - Household Tasks and Control,0123,Assistive Products For Household Tasks,5,5,Assistive Technology,Assistive Technology,E,No,20260701,99991231,1.0,1.0,1.0,N,N,N,N,N,Unit Price = $1
05_0002_0124_1_2,AT Supplementary Charge - Communication and Information support,0124,Communication And Information Equipment,5,5,Assistive Technology,Assistive Technology,E,No,20260701,99991231,1.0,1.0,1.0,N,N,N,N,N,Unit Price = $1
05_0002_0135_1_2,AT Supplementary Charge - Prosthesis or Orthosis,0135,Customised Prosthetics (includes Orthotics),5,5,Assistive Technology,Assistive Technology,E,No,20260701,99991231,1.0,1.0,1.0,N,N,N,N,N,Unit Price = $1
05_040312115_0103_1_2,AT Rental - Assistive Products for Respiration Support,0103,Assistive Products For Personal Care And Safety,5,19,Assistive Technology,"Assistive Technology Maintenance, Repair and Rental",E,No,20260701,99991231,1.0,1.0,1.0,N,N,N,N,N,Unit Price = $1
05_040312801_0103_1_1,Ventilators - Supplemental Ventilation Support (including CPAP and BPAP),0103,Assistive Products For Personal Care And Safety,5,5,Assistive Technology,Assistive Technology,E,No,20260701,99991231,,,,,,,,,
05_040312811_0103_1_1,Ventilators - Invasive Ventilation for Continuous Use,0103,Assistive Products For Personal Care And Safety,5,5,Assistive Technology,Assistive Technology,E,No,20260701,99991231,,,,,,,,,
05_040313111_0103_1_1,Ventilator accessory - Filters and/or Humidifiers,0103,Assistive Products For Personal Care And Safety,5,5,Assistive Technology,Assistive Technology,E,No,20260701,99991231,,,,N,N,N,N,N,
05_040321811_0103_1_1,Aspirators,0103,Assistive Products For Personal Care And Safety,5,5,Assistive Technology,Assistive Technology,E,No,20260701,99991231,,,,,,,,,
05_040322811_0103_1_1,Cough Assist Machine,0103,Assistive Products For Personal Care And Safety,5,5,Assistive Technology,Assistive Technology,E,No,20260701,99991231,,,,,,,,,
05_040609171_0103_1_1,Cyclic Pressure Unit - Replacement Garments and Compression Sleeves,0103,Assistive Products For Personal Care And Safety,5,5,Assistive Technology,Assistive Technology,E,No,20260701,99991231,,,,N,N,N,N,N,
05_040609811_0103_1_1,Circulation Support - Air-Filled Garments and Compression Units,0103,Assistive Products For Personal Care And Safety,5,5,Assistive Technology,Assistive Technology,E,No,20260701,99991231,,,,,,,,,
05_043006111_0103_1_2,Cooling Vest - All Sizes,0103,Assistive Products For Personal Care And Safety,5,5,Assistive Technology,Assistive Technology,E,No,20260701,99991231,,,,N,N,N,N,N,
05_043303511_0103_1_2,Postural Support - Air Floatation or Automated Pressure Management,0103,Assistive Products For Personal Care And Safety,5,5,Assistive Technology,Assistive Technology,E,No,20260701,99991231,,,,N,N,N,N,N,
05_043303811_0103_1_2,Postural Support - Foam and/or Gel component system,0103,Assistive Products For Personal Care And Safety,5,5,Assistive Technology,Assistive Technology,E,No,20260701,99991231,,,,,,,,,
05_043306002_0103_1_2,Pressure Reduction Mattress - Air Filled Section,0103,Assistive Products For Personal Care And Safety,5,5,Assistive Technology,Assistive Technology,E,No,20260701,99991231,,,,N,N,N,N,N,
05_043306803_0103_1_2,Pressure Reduction Mattress or Overlay - Complete,0103,Assistive Products For Personal Care And Safety,5,5,Assistive Technology,Assistive Technology,E,No,20260701,99991231,,,,,,,,,
05_043306804_0103_1_2,Pressure Reduction Mattress or Overlay - High Complexity Need,0103,Assistive Products For Personal Care And Safety,5,5,Assistive Technology,Assistive Technology,E,No,20260701,99991231,,,,,,,,,
05_044839811_0103_1_2,Standing Frame - Supports for Standing,0103,Assistive Products For Personal Care And Safety,5,5,Assistive Technology,Assistive Technology,E,No,20260701,99991231,,,,,,,,,
05_044839870_0103_1_2,Standing or Walking Frame accessory - Powered Component (including Myoelectric),0103,Assistive Products For Personal Care And Safety,5,5,Assistive Technology,Assistive Technology,E,No,20260701,99991231,,,,N,N,N,N,N,
05_060000115_0135_1_2,AT Rental - Prosthesis and Orthosis,0135,Customised Prosthetics (includes Orthotics),5,19,Assistive Technology,"Assistive Technology Maintenance, Repair and Rental",E,No,20260701,99991231,1.0,1.0,1.0,N,N,N,N,N,Unit Price = $1
05_060315111_0135_1_2,Orthosis - Cervical and Cranial,0135,Customised Prosthetics (includes Orthotics),5,5,Assistive Technology,Assistive Technology,E,No,20260701,99991231,,,,N,N,N,N,N,
05_060318821_0135_1_2,Orthosis - Cervico-Thoraco-Lumbo-Sacral,0135,Customised Prosthetics (includes Orthotics),5,5,Assistive Technology,Assistive Technology,E,No,20260701,99991231,,,,,,,,,
05_060600111_0135_1_2,Orthosis - Upper Limb - Prefabricated,0135,Customised Prosthetics (includes Orthotics),5,5,Assistive Technology,Assistive Technology,E,No,20260701,99991231,,,,N,N,N,N,N,
05_060600821_0135_1_2,Orthosis - Upper Limb - Custom Made,0135,Customised Prosthetics (includes Orthotics),5,5,Assistive Technology,Assistive Technology,E,No,20260701,99991231,,,,,,,,,
05_060688121_0135_1_2,Orthosis - Dynamic or Lycra - Limb,0135,Customised Prosthetics (includes Orthotics),5,5,Assistive Technology,Assistive Technology,E,No,20260701,99991231,,,,N,N,N,N,N,
05_061203111_0135_1_2,Orthosis - Foot (all types) or Prefabricated Orthotic Footwear,0135,Customised Prosthetics (includes Orthotics),5,5,Assistive Technology,Assistive Technology,E,No,20260701,99991231,,,,N,N,N,N,N,
05_061203821_0135_1_2,Orthosis - Footwear/Shoes Other - Custom Made,0135,Customised Prosthetics (includes Orthotics),5,5,Assistive Technology,Assistive Technology,E,No,20260701,99991231,,,,,,,,,
05_061206111_0135_1_2,Orthosis - Ankle Foot (AFO) - Prefabricated,0135,Customised Prosthetics (includes Orthotics),5,5,Assistive Technology,Assistive Technology,E,No,20260701,99991231,,,,N,N,N,N,N,
05_061206821_0135_1_2,Orthosis - Ankle Foot (AFO) - Custom Made,0135,Customised Prosthetics (includes Orthotics),5,5,Assistive Technology,Assistive Technology,E,No,20260701,99991231,,,,,,,,,
05_061206891_0135_1_2,Orthosis - Ankle Foot with Ankle Joints - Custom Made,0135,Customised Prosthetics (includes Orthotics),5,5,Assistive Technology,Assistive Technology,E,No,20260701,99991231,,,,,,,,,
05_061209111_0105_1_2,Orthosis - Knee - Prefabricated,0105,Personal Mobility Equipment,5,5,Assistive Technology,Assistive Technology,E,No,20260701,99991231,,,,N,N,N,N,N,
05_061209121_0135_1_2,Orthosis - Knee - Custom Made,0135,Customised Prosthetics (includes Orthotics),5,5,Assistive Technology,Assistive Technology,E,No,20260701,99991231,,,,N,N,N,N,N,
05_061209821_0135_1_2,Orthosis - Thigh Knee Ankle - Custom Made,0135,Customised Prosthetics (includes Orthotics),5,5,Assistive Technology,Assistive Technology,E,No,20260701,99991231,,,,,,,,,
05_061212821_0135_1_2,Orthosis - Knee Ankle Foot - Custom Made,0135,Customised Prosthetics (includes Orthotics),5,5,Assistive Technology,Assistive Technology,E,No,20260701,99991231,,,,,,,,,
05_061215111_0105_1_2,Orthosis - Hip - Prefabricated,0105,Personal Mobility Equipment,5,5,Assistive Technology,Assistive Technology,E,No,20260701,99991231,,,,N,N,N,N,N,
05_061218811_0135_1_2,Orthosis - Bilateral Hip Knee Ankle Foot Orthosis (incl RGO) - Prefabricated,0135,Customised Prosthetics (includes Orthotics),5,5,Assistive Technology,Assistive Technology,E,No,20260701,99991231,,,,,,,,,
05_061218821_0135_1_2,Orthosis - Hip Thigh Knee Ankle - Custom Made,0135,Customised Prosthetics (includes Orthotics),5,5,Assistive Technology,Assistive Technology,E,No,20260701,99991231,,,,,,,,,
05_061219821_0135_1_2,Orthosis - Bilateral Thoraco-lumbar/Lumbo-Sacral Hip Knee Ankle Foot - Custom,0135,Customised Prosthetics (includes Orthotics),5,5,Assistive Technology,Assistive Technology,E,No,20260701,99991231,,,,,,,,,
05_061290821_0135_1_2,Orthosis - Dynamic or Lycra - Full Body,0135,Customised Prosthetics (includes Orthotics),5,5,Assistive Technology,Assistive Technology,E,No,20260701,99991231,,,,,,,,,
05_061500811_0135_1_2,Orthosis - Trunk/Lower Body - FES or Powered - to support standing/walking,0135,Customised Prosthetics (includes Orthotics),5,5,Assistive Technology,Assistive Technology,E,No,20260701,99991231,,,,,,,,,
05_061800121_0135_1_2,Prosthesis - Upper Limb (Including Powered),0135,Customised Prosthetics (includes Orthotics),5,5,Assistive Technology,Assistive Technology,E,Yes,20260701,99991231,,,,,,,,,Quotable Supports
05_061826871_0135_1_2,Prosthesis - Accessory - Arm and Hand for Sport and Leisure,0135,Customised Prosthetics (includes Orthotics),5,5,Assistive Technology,Assistive Technology,E,No,20260701,99991231,,,,N,N,N,N,N,
05_062200921_0135_1_2,Prosthesis - Osseo-Integration Mounting (Upper or Lower) - Additional Cost,0135,Customised Prosthetics (includes Orthotics),5,5,Assistive Technology,Assistive Technology,E,Yes,20260701,99991231,,,,,,,,,Quotable Supports
05_062409121_0135_1_2,Prosthesis - Transtibial or Lower,0135,Customised Prosthetics (includes Orthotics),5,5,Assistive Technology,Assistive Technology,E,Yes,20260701,99991231,,,,,,,,,Quotable Supports
05_062415121_0135_1_2,Prosthesis - Transfemoral or Higher,0135,Customised Prosthetics (includes Orthotics),5,5,Assistive Technology,Assistive Technology,E,Yes,20260701,99991231,,,,,,,,,Quotable Supports
05_062488034_0135_1_2,Prosthesis - Lower Limb - Not Defined,0135,Customised Prosthetics (includes Orthotics),5,5,Assistive Technology,Assistive Technology,E,Yes,20260701,99991231,,,,,,,,,Quotable Supports
05_062488121_0135_1_2,Prosthesis - Specialist Lower Limb For Sports,0135,Customised Prosthetics (includes Orthotics),5,5,Assistive Technology,Assistive Technology,E,Yes,20260701,99991231,,,,,,,,,Quotable Supports
05_062490191_0135_1_2,Prosthesis - For Wet Area Use (i.e. waterproofing) - Additional Cost,0135,Customised Prosthetics (includes Orthotics),5,5,Assistive Technology,Assistive Technology,E,Yes,20260701,99991231,,,,,,,,,Quotable Supports
05_063000821_0135_1_2,Prosthesis - Not Limb Related,0135,Customised Prosthetics (includes Orthotics),5,5,Assistive Technology,Assistive Technology,E,No,20260701,99991231,,,,N,N,N,N,N,
05_090000155_0103_1_2,AT Rental - Personal Care and Safety,0103,Assistive Products For Personal Care And Safety,5,19,Assistive Technology,"Assistive Technology Maintenance, Repair and Rental",E,No,20260701,99991231,1.0,1.0,1.0,N,N,N,N,N,Unit Price = $1
05_091200111_0103_1_2,Toilet Attachments and Accessories - Seat/Toilet Raiser/Toileting Bidet,0103,Assistive Products For Personal Care And Safety,5,5,Assistive Technology,Assistive Technology,E,No,20260701,99991231,,,,N,N,N,N,N,
05_091203053_0103_1_2,Shower Commode - Wheeled - Low Transporter,0103,Assistive Products For Personal Care And Safety,5,5,Assistive Technology,Assistive Technology,E,No,20260701,99991231,,,,N,N,N,N,N,
05_091203811_0103_1_2,Shower Commode - Wheeled,0103,Assistive Products For Personal Care And Safety,5,5,Assistive Technology,Assistive Technology,E,No,20260701,99991231,,,,,,,,,
05_091203821_0103_1_2,Shower Commode - Wheeled - High Intensity need,0103,Assistive Products For Personal Care And Safety,5,5,Assistive Technology,Assistive Technology,E,No,20260701,99991231,,,,,,,,,
05_091203891_0103_1_2,Shower Commode - Wheeled - Tilt In Space,0103,Assistive Products For Personal Care And Safety,5,5,Assistive Technology,Assistive Technology,E,No,20260701,99991231,,,,,,,,,
05_093305121_0103_1_2,Bathing Support - Special Design,0103,Assistive Products For Personal Care And Safety,5,5,Assistive Technology,Assistive Technology,E,No,20260701,99991231,,,,N,N,N,N,N,
05_093312811_0103_1_2,Change Table/Shower Trolley - Manual,0103,Assistive Products For Personal Care And Safety,5,5,Assistive Technology,Assistive Technology,E,No,20260701,99991231,,,,,,,,,
05_093312891_0103_1_2,Change Table/Shower Trolley - Powered,0103,Assistive Products For Personal Care And Safety,5,5,Assistive Technology,Assistive Technology,E,No,20260701,99991231,,,,,,,,,
05_120303111_0105_1_2,Walking Supports - Sticks Canes And Crutches,0105,Personal Mobility Equipment,5,5,Assistive Technology,Assistive Technology,E,No,20260701,99991231,,,,N,N,N,N,N,
05_120603831_0103_1_2,Standing and/or Walking Frame - Child,0103,Assistive Products For Personal Care And Safety,5,5,Assistive Technology,Assistive Technology,E,No,20260701,99991231,,,,,,,,,
05_120606096_0105_1_2,Wheeled Walker - Standard,0105,Personal Mobility Equipment,5,5,Assistive Technology,Assistive Technology,E,No,20260701,99991231,,,,N,N,N,N,N,
05_120606097_0105_1_2,Rollator - Standard,0105,Personal Mobility Equipment,5,5,Assistive Technology,Assistive Technology,E,No,20260701,99991231,,,,N,N,N,N,N,
05_120606811_0105_1_2,Walking Frame or Walker,0105,Personal Mobility Equipment,5,5,Assistive Technology,Assistive Technology,E,No,20260701,99991231,,,,,,,,,
05_120606831_0105_1_2,Rollator - Standard - Child,0105,Personal Mobility Equipment,5,5,Assistive Technology,Assistive Technology,E,No,20260701,99991231,,,,,,,,,
05_120612100_0105_1_2,Walking Tables,0105,Personal Mobility Equipment,5,5,Assistive Technology,Assistive Technology,E,No,20260701,99991231,,,,N,N,N,N,N,
05_121205811_0109_1_2,Vehicle Modification - Adaptions for Driver Control,0109,Vehicle Modifications,5,5,Assistive Technology,Assistive Technology,E,No,20260701,99991231,,,,,,,,,
05_121208111_0109_1_2,Vehicle Modification - Adaptions For Ancillary Functions e.g. Lights Locking,0109,Vehicle Modifications,5,5,Assistive Technology,Assistive Technology,E,No,20260701,99991231,,,,N,N,N,N,N,
05_121209821_0109_1_2,Vehicle Modification - For Seating and/or Seat Belts,0109,Vehicle Modifications,5,5,Assistive Technology,Assistive Technology,E,No,20260701,99991231,,,,,,,,,
05_121212811_0103_1_2,Specialised Child Car Seats - no Vehicle Modification Required,0103,Assistive Products For Personal Care And Safety,5,5,Assistive Technology,Assistive Technology,E,No,20260701,99991231,,,,,,,,,
05_121215811_0109_1_2,Vehicle Modification - Hoist for Passenger Loading (without Wheelchair),0109,Vehicle Modifications,5,5,Assistive Technology,Assistive Technology,E,No,20260701,99991231,,,,,,,,,
05_121218811_0109_1_2,Vehicle Modification - Hoist for Occupied Wheelchair Loading,0109,Vehicle Modifications,5,5,Assistive Technology,Assistive Technology,E,No,20260701,99991231,,,,,,,,,
05_121221811_0109_1_2,Vehicle Modification - Hoist/Ramp for Unoccupied Wheelchair Loading,0109,Vehicle Modifications,5,5,Assistive Technology,Assistive Technology,E,No,20260701,99991231,,,,,,,,,
05_121227121_0109_1_2,Vehicle Modification - Chassis/Body work - For Wheelchair Passenger,0109,Vehicle Modifications,5,5,Assistive Technology,Assistive Technology,E,Yes,20260701,99991231,,,,,,,,,Quotable Supports
05_121227125_0108_1_2,AT Rental - Vehicle modified for Access,0108,Assistance With Travel/Transport Arrangements,5,19,Assistive Technology,"Assistive Technology Maintenance, Repair and Rental",E,No,20260701,99991231,1.0,1.0,1.0,N,N,N,N,N,Unit Price = $1
05_121227221_0109_1_2,Vehicle Modification - Chassis/Body work - For Wheelchair Seated Driver,0109,Vehicle Modifications,5,5,Assistive Technology,Assistive Technology,E,Yes,20260701,99991231,,,,,,,,,Quotable Supports
05_121230811_0109_1_2,Vehicle Accessory -Trailer for wheeled mobility device,0109,Vehicle Modifications,5,5,Assistive Technology,Assistive Technology,E,No,20260701,99991231,,,,,,,,,
05_121290111_0109_1_2,Vehicle Modification - Engineers Certification,0109,Vehicle Modifications,5,5,Assistive Technology,Assistive Technology,E,No,20260701,99991231,,,,N,N,N,N,N,
05_121800821_0112_1_2,Bicycle - Tricycle and/or Carts adapted for specific functional needs,0112,Assistive Equipment For Recreation,5,5,Assistive Technology,Assistive Technology,E,No,20260701,99991231,,,,,,,,,
05_121805111_0112_1_2,Bicycle - Adapted FOR Hand Propulsion,0112,Assistive Equipment For Recreation,5,5,Assistive Technology,Assistive Technology,E,Yes,20260701,99991231,,,,,,,,,Quotable Supports
05_121821871_0112_1_2,Bicycle - Adaptation for Pedals/Seat/Handlebars,0112,Assistive Equipment For Recreation,5,5,Assistive Technology,Assistive Technology,E,No,20260701,99991231,,,,,,,,,
05_122203811_0105_1_2,Wheelchair - Manual - Folding - Basic,0105,Personal Mobility Equipment,5,5,Assistive Technology,Assistive Technology,E,No,20260701,99991231,,,,,,,,,
05_122203821_0105_1_2,Wheelchair - Manual - Folding - Custom Made,0105,Personal Mobility Equipment,5,5,Assistive Technology,Assistive Technology,E,No,20260701,99991231,,,,,,,,,
05_122203891_0105_1_2,Wheelchair - Manual - Tilt In Space,0105,Personal Mobility Equipment,5,5,Assistive Technology,Assistive Technology,E,No,20260701,99991231,,,,,,,,,
05_122203911_0105_1_2,Wheelchair - Manual - Rigid Frame,0105,Personal Mobility Equipment,5,5,Assistive Technology,Assistive Technology,E,No,20260701,99991231,,,,,,,,,
05_122218111_0105_1_2,Wheelchair - Manual - Attendant Propel - Custom Folding/Rigid Frame,0105,Personal Mobility Equipment,5,5,Assistive Technology,Assistive Technology,E,No,20260701,99991231,,,,N,N,N,N,N,
05_122290811_0105_1_2,Wheelchair - Manual - Sport and Recreation Use,0105,Personal Mobility Equipment,5,5,Assistive Technology,Assistive Technology,E,No,20260701,99991231,,,,,,,,,
05_122303811_0105_1_2,Scooter - Indoor/Outdoor use,0105,Personal Mobility Equipment,5,5,Assistive Technology,Assistive Technology,E,No,20260701,99991231,,,,,,,,,
05_122303891_0105_1_2,Scooter - Heavy Duty/Robust Activity Specific,0105,Personal Mobility Equipment,5,5,Assistive Technology,Assistive Technology,E,No,20260701,99991231,,,,,,,,,
05_122303911_0105_1_2,Scooter - Electric Powered - Portable,0105,Personal Mobility Equipment,5,5,Assistive Technology,Assistive Technology,E,No,20260701,99991231,,,,,,,,,
05_122303991_0105_1_2,Scooter - Small Folding/Travel Light-Weight,0105,Personal Mobility Equipment,5,5,Assistive Technology,Assistive Technology,E,No,20260701,99991231,,,,,,,,,
05_122306139_0105_1_2,Wheelchair - Powered - With Powered Standing Mechanism,0105,Personal Mobility Equipment,5,5,Assistive Technology,Assistive Technology,E,Yes,20260701,99991231,,,,,,,,,Quotable Supports
05_122306191_0105_1_2,Wheelchair - Powered - All Terrain/Heavy Duty Base (WITHOUT Seating),0105,Personal Mobility Equipment,5,5,Assistive Technology,Assistive Technology,E,Yes,20260701,99991231,,,,,,,,,Quotable Supports
05_122306811_0105_1_2,Wheelchair - Powered Base with or without Tilt - Indoor/Outdoor use,0105,Personal Mobility Equipment,5,5,Assistive Technology,Assistive Technology,E,No,20260701,99991231,,,,,,,,,
05_122306824_0105_1_2,Wheelchair - Powered Base - Portable/Folding,0105,Personal Mobility Equipment,5,5,Assistive Technology,Assistive Technology,E,No,20260701,99991231,,,,,,,,,
05_122403811_0105_1_2,Wheelchair Accessory - Powered Alternate Operator Control System,0105,Personal Mobility Equipment,5,5,Assistive Technology,Assistive Technology,E,No,20260701,99991231,,,,,,,,,
05_122409871_0105_1_2,Wheelchair Accessory - Power-Assist Drive Technology,0105,Personal Mobility Equipment,5,5,Assistive Technology,Assistive Technology,E,No,20260701,99991231,,,,,,,,,
05_122442871_0105_1_2,Wheelchair Accessory - Health-Related AT/Ventilator Carrier,0105,Personal Mobility Equipment,5,5,Assistive Technology,Assistive Technology,E,No,20260701,99991231,,,,,,,,,
05_122490811_0105_1_2,Wheelchair Accessory - Powered Adjustment for Limbs or Recline or Elevate,0105,Personal Mobility Equipment,5,5,Assistive Technology,Assistive Technology,E,No,20260701,99991231,,,,,,,,,
05_122500821_0105_1_2,Postural Support - Seating System - Custom Made,0105,Personal Mobility Equipment,5,5,Assistive Technology,Assistive Technology,E,No,20260701,99991231,,,,,,,,,
05_122503111_0105_1_2,Postural Support - Positioning - Back,0105,Personal Mobility Equipment,5,5,Assistive Technology,Assistive Technology,E,No,20260701,99991231,,,,N,N,N,N,N,
05_122506111_0105_1_2,Postural Support - Positioning - Seat,0105,Personal Mobility Equipment,5,5,Assistive Technology,Assistive Technology,E,No,20260701,99991231,,,,N,N,N,N,N,
05_122524111_0105_1_2,Postural Support - Wheelchair Accessory,0105,Personal Mobility Equipment,5,5,Assistive Technology,Assistive Technology,E,No,20260701,99991231,,,,N,N,N,N,N,
05_122524811_0105_1_2,Postural Support - Seating Componentry and Accessories,0105,Personal Mobility Equipment,5,5,Assistive Technology,Assistive Technology,E,No,20260701,99991231,,,,,,,,,
05_122707821_0105_1_2,Stroller/Pram/Buggy with Specialised Seating system,0105,Personal Mobility Equipment,5,5,Assistive Technology,Assistive Technology,E,No,20260701,99991231,,,,,,,,,
05_122707831_0105_1_2,Stroller/Pram/Buggy/Push Chair with Supportive Seating,0105,Personal Mobility Equipment,5,5,Assistive Technology,Assistive Technology,E,No,20260701,99991231,,,,,,,,,
05_122707931_0105_1_2,Wheeled base - paediatric - height adaptable for seating,0105,Personal Mobility Equipment,5,5,Assistive Technology,Assistive Technology,E,No,20260701,99991231,,,,,,,,,
05_122715831_0105_1_2,Crawlers/Mobility Boards/Trolley,0105,Personal Mobility Equipment,5,5,Assistive Technology,Assistive Technology,E,No,20260701,99991231,,,,,,,,,
05_123603811_0105_1_2,Transfer AT - Mobile Hoist including Slings (x2),0105,Personal Mobility Equipment,5,5,Assistive Technology,Assistive Technology,E,No,20260701,99991231,,,,,,,,,
05_123606868_0105_1_2,Transfer AT - Mobile Hoist Seat or Table,0105,Personal Mobility Equipment,5,5,Assistive Technology,Assistive Technology,E,No,20260701,99991231,,,,,,,,,
05_123612811_0105_1_2,Transfer AT - Pool Environment Hoist,0105,Personal Mobility Equipment,5,5,Assistive Technology,Assistive Technology,E,No,20260701,99991231,,,,,,,,,
05_123612891_0105_1_2,Transfer AT - Ceiling Hoist,0105,Personal Mobility Equipment,5,5,Assistive Technology,Assistive Technology,E,No,20260701,99991231,,,,,,,,,
05_123621111_0105_1_2,Transfer AT - Sling Standard,0105,Personal Mobility Equipment,5,5,Assistive Technology,Assistive Technology,E,No,20260701,99991231,,,,N,N,N,N,N,
05_123621121_0105_1_2,Transfer AT - Sling Non-Standard,0105,Personal Mobility Equipment,5,5,Assistive Technology,Assistive Technology,E,No,20260701,99991231,,,,N,N,N,N,N,
05_150000115_0123_1_2,AT Rental - Assistive Products for Household Tasks,0123,Assistive Products For Household Tasks,5,19,Assistive Technology,"Assistive Technology Maintenance, Repair and Rental",E,No,20260701,99991231,1.0,1.0,1.0,N,N,N,N,N,Unit Price = $1
05_150300111_0123_2_2,Assistive products for preparing food and drink,0123,Assistive Products For Household Tasks,5,5,Assistive Technology,Assistive Technology,E,No,20260701,99991231,1.0,1.0,1.0,N,N,N,N,N,Unit Price = $1
05_150600111_0123_2_2,Assistive products for dishwashing,0123,Assistive Products For Household Tasks,5,5,Assistive Technology,Assistive Technology,E,No,20260701,99991231,1.0,1.0,1.0,N,N,N,N,N,Unit Price = $1
05_150900111_0123_2_2,Assistive products for eating and drinking,0123,Assistive Products For Household Tasks,5,5,Assistive Technology,Assistive Technology,E,No,20260701,99991231,1.0,1.0,1.0,N,N,N,N,N,Unit Price = $1
05_151200111_0123_2_2,Assistive products to facilitate house cleaning,0123,Assistive Products For Household Tasks,5,5,Assistive Technology,Assistive Technology,E,No,20260701,99991231,1.0,1.0,1.0,N,N,N,N,N,Unit Price = $1
05_151600111_0123_2_2,Assistive products to facilitate laundry,0123,Assistive Products For Household Tasks,5,5,Assistive Technology,Assistive Technology,E,No,20260701,99991231,1.0,1.0,1.0,N,N,N,N,N,Unit Price = $1
05_151800111_0123_2_2,Assistive products to facilitate gardening,0123,Assistive Products For Household Tasks,5,5,Assistive Technology,Assistive Technology,E,No,20260701,99991231,1.0,1.0,1.0,N,N,N,N,N,Unit Price = $1
05_180315111_0103_1_2,Bed - Ancillary Furniture,0103,Assistive Products For Personal Care And Safety,5,5,Assistive Technology,Assistive Technology,E,No,20260701,99991231,,,,N,N,N,N,N,
05_180909811_0103_1_2,Specialised Seating with Sit-Stand Assistance,0103,Assistive Products For Personal Care And Safety,5,5,Assistive Technology,Assistive Technology,E,No,20260701,99991231,,,,,,,,,
05_180915811_0103_1_2,Specialised Lounge Chair - Mobile with Pressure Management/Positioning Systems,0103,Assistive Products For Personal Care And Safety,5,5,Assistive Technology,Assistive Technology,E,No,20260701,99991231,,,,,,,,,
05_180921821_0103_1_2,Specialised Static Seating with Pressure Management and/or Postural Support,0103,Assistive Products For Personal Care And Safety,5,5,Assistive Technology,Assistive Technology,E,No,20260701,99991231,,,,,,,,,
05_180939882_0105_1_2,Postural Support - Modular Seating Systems,0105,Personal Mobility Equipment,5,5,Assistive Technology,Assistive Technology,E,No,20260701,99991231,,,,,,,,,
05_181200711_0103_1_2,Bed - Access/Transfer Pole/Blocks/Rails/Rail-Covers,0103,Assistive Products For Personal Care And Safety,5,5,Assistive Technology,Assistive Technology,E,No,20260701,99991231,,,,N,N,N,N,N,
05_181207811_0103_1_2,Bed - Manually adjusted,0103,Assistive Products For Personal Care And Safety,5,5,Assistive Technology,Assistive Technology,E,No,20260701,99991231,,,,,,,,,
05_181210811_0103_1_2,Bed - Electrically adjusted,0103,Assistive Products For Personal Care And Safety,5,5,Assistive Technology,Assistive Technology,E,No,20260701,99991231,,,,,,,,,
05_181224811_0103_1_2,Sleep Positioning System and Accessories - Custom Made,0103,Assistive Products For Personal Care And Safety,5,5,Assistive Technology,Assistive Technology,E,No,20260701,99991231,,,,,,,,,
05_181800111_0103_2_2,Home Safety - Slip Resistance Coating/Grab and/or Guide Rails,0103,Assistive Products For Personal Care And Safety,5,5,Assistive Technology,Assistive Technology,E,No,20260701,99991231,,,,N,N,N,N,N,
05_183015811_0103_2_2,Ramp - portable for access needs,0103,Assistive Products For Personal Care And Safety,5,5,Assistive Technology,Assistive Technology,E,No,20260701,99991231,,,,,,,,,
05_189900111_0123_2_2,"Customisation, adaptions, or upgrade cost to standard household items",0123,Assistive Products For Household Tasks,5,5,Assistive Technology,Assistive Technology,E,No,20260701,99991231,1.0,1.0,1.0,N,N,N,N,N,Unit Price = $1
05_220300115_0113_1_2,AT Rental - Vision support or alternate access,0113,Vision Equipment,5,19,Assistive Technology,"Assistive Technology Maintenance, Repair and Rental",E,No,20260701,99991231,1.0,1.0,1.0,N,N,N,N,N,Unit Price = $1
05_220318811_0113_1_2,Vision - Electronic Video Magnifier,0113,Vision Equipment,5,5,Assistive Technology,Assistive Technology,E,No,20260701,99991231,,,,,,,,,
05_220321811_0113_1_2,Vision - Image Enlargement Software,0113,Vision Equipment,5,5,Assistive Technology,Assistive Technology,E,No,20260701,99991231,,,,N,N,N,N,N,
05_220600112_0122_1_2,AT Rental - Hearing Devices and Accessories,0122,Hearing Equipment,5,19,Assistive Technology,"Assistive Technology Maintenance, Repair and Rental",E,No,20260701,99991231,1.0,1.0,1.0,N,N,N,N,N,Unit Price = $1
05_220615111_0122_1_2,Hearing device - Standard level,0122,Hearing Equipment,5,5,Assistive Technology,Assistive Technology,E,No,20260701,99991231,,,,N,N,N,N,N,
05_220615211_0122_1_2,Hearing device - Intermediate level,0122,Hearing Equipment,5,5,Assistive Technology,Assistive Technology,E,No,20260701,99991231,,,,N,N,N,N,N,
05_220615811_0122_1_2,Hearing device - Advanced level,0122,Hearing Equipment,5,5,Assistive Technology,Assistive Technology,E,No,20260701,99991231,,,,N,N,N,N,N,
05_220618811_0122_1_2,Hearing device - Non-Standard,0122,Hearing Equipment,5,5,Assistive Technology,Assistive Technology,E,No,20260701,99991231,,,,,,,,,
05_220621811_0122_1_2,Hearing device - External speech processor and accessories,0122,Hearing Equipment,5,5,Assistive Technology,Assistive Technology,E,No,20260701,99991231,,,,,,,,,
05_220625247_0122_1_2,Hearing accessory - Induction Loop,0122,Hearing Equipment,5,5,Assistive Technology,Assistive Technology,E,No,20260701,99991231,,,,N,N,N,N,N,
05_220627171_0122_1_2,Hearing accessory - Remote Control,0122,Hearing Equipment,5,5,Assistive Technology,Assistive Technology,E,No,20260701,99991231,,,,N,N,N,N,N,
05_220627232_0122_1_2,Hearing accessory - TV function,0122,Hearing Equipment,5,5,Assistive Technology,Assistive Technology,E,No,20260701,99991231,,,,N,N,N,N,N,
05_220627271_0122_1_2,Hearing accessory - Music device,0122,Hearing Equipment,5,5,Assistive Technology,Assistive Technology,E,No,20260701,99991231,,,,N,N,N,N,N,
05_220627811_0122_1_2,Hearing device - Personal Amplifiers/Binaural Listener,0122,Hearing Equipment,5,5,Assistive Technology,Assistive Technology,E,No,20260701,99991231,,,,,,,,,
05_220906234_0124_1_2,Voice Amplifiers For Personal Use,0124,Communication And Information Equipment,5,5,Assistive Technology,Assistive Technology,E,No,20260701,99991231,,,,N,N,N,N,N,
05_221300111_0124_1_2,Communication and Information AT - Computer/Device Interfaces,0124,Communication And Information Equipment,5,5,Assistive Technology,Assistive Technology,E,No,20260701,99991231,1.0,1.0,1.0,N,N,N,N,N,Unit Price = $1
05_221315254_0124_1_2,Communication AT - Simple Button or Keys with Voice Output,0124,Communication And Information Equipment,5,5,Assistive Technology,Assistive Technology,E,No,20260701,99991231,,,,N,N,N,N,N,
05_221315811_0124_1_2,Communication - Face to Face - Electronic,0124,Communication And Information Equipment,5,5,Assistive Technology,Assistive Technology,E,No,20260701,99991231,,,,,,,,,
05_221315880_0124_1_2,Personal Reader - Speech and/or Visual Output,0124,Communication And Information Equipment,5,5,Assistive Technology,Assistive Technology,E,No,20260701,99991231,,,,,,,,,
05_221336811_0113_1_2,Vision - Braille device,0113,Vision Equipment,5,5,Assistive Technology,Assistive Technology,E,No,20260701,99991231,,,,,,,,,
05_222100111_0124_1_2,Communication AT: Non-Electronic Devices Books or Tools for face to face,0124,Communication And Information Equipment,5,5,Assistive Technology,Assistive Technology,E,No,20260701,99991231,,,,N,N,N,N,N,
05_222100115_0124_1_2,AT Rental - Communication and Computer access,0124,Communication And Information Equipment,5,19,Assistive Technology,"Assistive Technology Maintenance, Repair and Rental",E,No,20260701,99991231,1.0,1.0,1.0,N,N,N,N,N,Unit Price = $1
05_222102112_0124_1_2,Adaptive software for a communication or information access disability need,0124,Communication And Information Equipment,5,5,Assistive Technology,Assistive Technology,E,No,20260701,99991231,1.0,1.0,1.0,N,N,N,N,N,Unit Price = $1
05_222106253_0124_1_2,Communication - Amplifiers,0124,Communication And Information Equipment,5,5,Assistive Technology,Assistive Technology,E,No,20260701,99991231,,,,N,N,N,N,N,
05_222106843_0122_1_2,Hearing accessory - Remote Microphone System,0122,Hearing Equipment,5,5,Assistive Technology,Assistive Technology,E,No,20260701,99991231,,,,,,,,,
05_222404225_0122_1_2,Hearing device - Specialised Landline Telephone,0122,Hearing Equipment,5,5,Assistive Technology,Assistive Technology,E,No,20260701,99991231,,,,N,N,N,N,N,
05_222404259_0113_1_2,Vision - modification to a standard item for vision impairment,0113,Vision Equipment,5,5,Assistive Technology,Assistive Technology,E,No,20260701,99991231,1.0,1.0,1.0,N,N,N,N,N,Unit Price = $1
05_222903111_0103_1_2,Adapted Devices for standard household items,0123,Assistive Products For Household Tasks,5,5,Assistive Technology,Assistive Technology,E,No,20260701,99991231,,,,N,N,N,N,N,
05_222903266_0122_1_2,Hearing device - Baby Alert Systems,0122,Hearing Equipment,5,5,Assistive Technology,Assistive Technology,E,No,20260701,99991231,,,,N,N,N,N,N,
05_222906111_0103_1_2,Safety Device - Seizure Mat/Location Alert - Alarm System,0103,Assistive Products For Personal Care And Safety,5,5,Assistive Technology,Assistive Technology,E,No,20260701,99991231,,,,N,N,N,N,N,
05_222909111_0103_1_2,Safety Device - Flashing or Vibrating Doorbell/Smoke Alert/Personal Alarms,0103,Assistive Products For Personal Care And Safety,5,5,Assistive Technology,Assistive Technology,E,No,20260701,99991231,,,,N,N,N,N,N,
05_223906811_0113_1_2,Vision - Alternate format Printer,0113,Vision Equipment,5,5,Assistive Technology,Assistive Technology,E,No,20260701,99991231,,,,,,,,,
05_223907278_0124_1_2,Vision - Portable Audible Player for Read Content,0124,Communication And Information Equipment,5,5,Assistive Technology,Assistive Technology,E,No,20260701,99991231,,,,N,N,N,N,N,
05_223912811_0113_1_2,Vision - Print Disability Software,0113,Vision Equipment,5,5,Assistive Technology,Assistive Technology,E,No,20260701,99991231,,,,,,,,,
05_224506811_0113_1_2,Vision - Visual Navigation AT,0113,Vision Equipment,5,5,Assistive Technology,Assistive Technology,E,No,20260701,99991231,,,,,,,,,
05_241303121_0123_1_2,Environmental Control (Ecu)/ Safety-Related Products,0123,Assistive Products For Household Tasks,5,5,Assistive Technology,Assistive Technology,E,Yes,20260701,99991231,,,,,,,,,Quotable Supports
05_241327891_0124_1_2,Communication or ICT AT - Complex need interface - Eye or EMG/neural Control,0124,Communication And Information Equipment,5,5,Assistive Technology,Assistive Technology,E,No,20260701,99991231,,,,,,,,,
05_242400811_0103_1_2,Device Positioning / Mounting Systems - Technology / other,0103,Assistive Products For Personal Care And Safety,5,5,Assistive Technology,Assistive Technology,E,No,20260701,99991231,,,,,,,,,
05_300000111_0112_1_2,Assistive Products - Recreation and Sport not otherwise defined,0112,Assistive Equipment For Recreation,5,5,Assistive Technology,Assistive Technology,E,No,20260701,99991231,,,,N,N,N,N,N,
05_300000113_0112_1_2,Modification to a standard Recreation/Sporting Equipment,0112,Assistive Equipment For Recreation,5,5,Assistive Technology,Assistive Technology,E,No,20260701,99991231,1.0,1.0,1.0,N,N,N,N,N,Unit Price = $1
05_300000115_0112_1_2,AT Rental - Modified for accessible recreation,0112,Assistive Equipment For Recreation,5,19,Assistive Technology,"Assistive Technology Maintenance, Repair and Rental",E,No,20260701,99991231,1.0,1.0,1.0,N,N,N,N,N,Unit Price = $1
05_300309811_0112_1_2,Recreation AT - Game Interface,0112,Assistive Equipment For Recreation,5,5,Assistive Technology,Assistive Technology,E,No,20260701,99991231,,,,,,,,,
05_500000303_0103_1_2,Repairs and Maintenance - Other AT,0103,Assistive Products For Personal Care And Safety,5,19,Assistive Technology,"Assistive Technology Maintenance, Repair and Rental",E,No,20260701,99991231,1.0,1.0,1.0,N,N,N,N,N,Unit Price = $1
05_500403159_0103_1_1,Repairs and Maintenance - Disability-Related Health Machines,0103,Assistive Products For Personal Care And Safety,5,19,Assistive Technology,"Assistive Technology Maintenance, Repair and Rental",E,No,20260701,99991231,1.0,1.0,1.0,N,N,N,N,N,Unit Price = $1
05_500433443_0103_1_2,Repairs and Maintenance - Personal Care/Safety After-Hours,0103,Assistive Products For Personal Care And Safety,5,19,Assistive Technology,"Assistive Technology Maintenance, Repair and Rental",E,No,20260701,99991231,1.0,1.0,1.0,N,N,N,N,N,Unit Price = $1
05_500612441_0135_1_2,Repairs and Maintenance - Orthosis,0135,Customised Prosthetics (includes Orthotics),5,19,Assistive Technology,"Assistive Technology Maintenance, Repair and Rental",E,No,20260701,99991231,1.0,1.0,1.0,N,N,N,N,N,Unit Price = $1
05_500624304_0135_1_2,Repairs and Maintenance - Prosthesis - Minor,0135,Customised Prosthetics (includes Orthotics),5,19,Assistive Technology,"Assistive Technology Maintenance, Repair and Rental",E,No,20260701,99991231,1.0,1.0,1.0,N,N,N,N,N,Unit Price = $1
05_500624305_0135_1_2,Repairs and Maintenance - Prosthesis - Major,0135,Customised Prosthetics (includes Orthotics),5,19,Assistive Technology,"Assistive Technology Maintenance, Repair and Rental",E,Yes,20260701,99991231,,,,,,,,,Quotable Supports
05_500933306_0103_1_2,Repairs and Maintenance - Bathing And Toileting AT,0103,Assistive Products For Personal Care And Safety,5,19,Assistive Technology,"Assistive Technology Maintenance, Repair and Rental",E,No,20260701,99991231,1.0,1.0,1.0,N,N,N,N,N,Unit Price = $1
05_501200307_0105_1_2,Repairs and Maintenance - Wheeled Mobility Minor,0105,Personal Mobility Equipment,5,19,Assistive Technology,"Assistive Technology Maintenance, Repair and Rental",E,No,20260701,99991231,1.0,1.0,1.0,N,N,N,N,N,Unit Price = $1
05_501200308_0105_1_2,Repairs and Maintenance - Wheeled Mobility Major,0105,Personal Mobility Equipment,5,19,Assistive Technology,"Assistive Technology Maintenance, Repair and Rental",E,Yes,20260701,99991231,,,,,,,,,Quotable Supports
05_501212373_0109_1_2,Repairs and Maintenance - Vehicle Modification,0109,Vehicle Modifications,5,19,Assistive Technology,"Assistive Technology Maintenance, Repair and Rental",E,No,20260701,99991231,1.0,1.0,1.0,N,N,N,N,N,Unit Price = $1
05_501224309_0105_1_2,Tyre - Wheeled mobility,0105,Personal Mobility Equipment,5,19,Assistive Technology,"Assistive Technology Maintenance, Repair and Rental",E,No,20260701,99991231,1.0,1.0,1.0,N,N,N,N,N,Unit Price = $1
05_501224310_0105_1_2,Wheelchair or Scooter - Battery or Charger,0105,Personal Mobility Equipment,5,19,Assistive Technology,"Assistive Technology Maintenance, Repair and Rental",E,No,20260701,99991231,,,,N,N,N,N,N,
05_501236025_0105_1_2,Repairs and Maintenance - Transfer AT,0105,Personal Mobility Equipment,5,19,Assistive Technology,"Assistive Technology Maintenance, Repair and Rental",E,No,20260701,99991231,1.0,1.0,1.0,N,N,N,N,N,Unit Price = $1
05_501288435_0105_1_2,Repairs and Maintenance - Mobility and Transfer - After-Hours,0105,Personal Mobility Equipment,5,19,Assistive Technology,"Assistive Technology Maintenance, Repair and Rental",E,No,20260701,99991231,1.0,1.0,1.0,N,N,N,N,N,Unit Price = $1
05_501812311_0103_1_2,Repairs and Maintenance - Electric Bed,0103,Assistive Products For Personal Care And Safety,5,19,Assistive Technology,"Assistive Technology Maintenance, Repair and Rental",E,No,20260701,99991231,1.0,1.0,1.0,N,N,N,N,N,Unit Price = $1
05_502200312_0124_1_2,Repairs and Maintenance - Communication Cognitive or ECU AT,0124,Communication And Information Equipment,5,19,Assistive Technology,"Assistive Technology Maintenance, Repair and Rental",E,No,20260701,99991231,1.0,1.0,1.0,N,N,N,N,N,Unit Price = $1
05_502206151_0122_1_2,Repairs and Maintenance - Hearing AT,0122,Hearing Equipment,5,19,Assistive Technology,"Assistive Technology Maintenance, Repair and Rental",E,No,20260701,99991231,1.0,1.0,1.0,N,N,N,N,N,Unit Price = $1
05_502218315_0113_1_2,Repairs and Maintenance - Vision AT,0113,Vision Equipment,5,19,Assistive Technology,"Assistive Technology Maintenance, Repair and Rental",E,No,20260701,99991231,1.0,1.0,1.0,N,N,N,N,N,Unit Price = $1
05_503000316_0112_1_2,Repairs and Maintenance - Specialised Recreation AT,0112,Assistive Equipment For Recreation,5,19,Assistive Technology,"Assistive Technology Maintenance, Repair and Rental",E,No,20260701,99991231,1.0,1.0,1.0,N,N,N,N,N,Unit Price = $1
05_702288440_0124_1_2,Programming/Customisation - For Electronic Equipment,0124,Communication And Information Equipment,5,5,Assistive Technology,Assistive Technology,H,No,20260701,99991231,,,,N,N,N,N,N,
05_711000080_0103_1_2,Delivery - Personal Care and Safety AT,0103,Assistive Products For Personal Care And Safety,5,5,Assistive Technology,Assistive Technology,E,No,20260701,99991231,1.0,1.0,1.0,N,N,N,N,N,Unit Price = $1
05_711000080_0105_1_2,Delivery - Personal Mobility and Transfer AT,0105,Personal Mobility Equipment,5,5,Assistive Technology,Assistive Technology,E,No,20260701,99991231,1.0,1.0,1.0,N,N,N,N,N,Unit Price = $1
05_711000080_0109_1_2,Delivery - Vehicle modifications AT,0109,Vehicle Modifications,5,5,Assistive Technology,Assistive Technology,E,No,20260701,99991231,1.0,1.0,1.0,N,N,N,N,N,Unit Price = $1
05_711000080_0112_1_2,Delivery - Recreation AT,0112,Assistive Equipment For Recreation,5,5,Assistive Technology,Assistive Technology,E,No,20260701,99991231,1.0,1.0,1.0,N,N,N,N,N,Unit Price = $1
05_711000080_0113_1_2,Delivery - Vision AT,0113,Vision Equipment,5,5,Assistive Technology,Assistive Technology,E,No,20260701,99991231,1.0,1.0,1.0,N,N,N,N,N,Unit Price = $1
05_711000080_0119_1_2,Delivery - Specialised Hearing AT,0119,Specialised Hearing Services,5,5,Assistive Technology,Assistive Technology,E,No,20260701,99991231,1.0,1.0,1.0,N,N,N,N,N,Unit Price = $1
05_711000080_0122_1_2,Delivery - Hearing AT,0122,Hearing Equipment,5,5,Assistive Technology,Assistive Technology,E,No,20260701,99991231,1.0,1.0,1.0,N,N,N,N,N,Unit Price = $1
05_711000080_0123_1_2,Delivery - Household Tasks or Control AT,0123,Assistive Products For Household Tasks,5,5,Assistive Technology,Assistive Technology,E,No,20260701,99991231,1.0,1.0,1.0,N,N,N,N,N,Unit Price = $1
05_711000080_0124_1_2,Delivery - Communication and Information AT,0124,Communication And Information Equipment,5,5,Assistive Technology,Assistive Technology,E,No,20260701,99991231,1.0,1.0,1.0,N,N,N,N,N,Unit Price = $1
05_711000080_0135_1_2,Delivery - Prosthesis or Orthosis,0135,Customised Prosthetics (includes Orthotics),5,5,Assistive Technology,Assistive Technology,E,No,20260701,99991231,1.0,1.0,1.0,N,N,N,N,N,Unit Price = $1
05_800288834_0103_1_2,Early Childhood Flexible AT Package,0103,Assistive Products For Personal Care And Safety,5,5,Assistive Technology,Assistive Technology,E,No,20260701,99991231,,,,,,,,,
05_801288834_0103_1_2,Flexible AT Package - For Changing Need,0103,Assistive Products For Personal Care And Safety,5,5,Assistive Technology,Assistive Technology,E,No,20260701,99991231,,,,,,,,,
05_900101111_0130_1_2,Assistance Animal - Dog Guide,0130,Assistance Animals,5,5,Assistive Technology,Assistive Technology,E,Yes,20260701,99991231,,,,,,,,,Quotable Supports
06_123615401_0111_2_2,HM - Ceiling Hoist,0111,Home Modification Design And Construction,6,6,Home Modifications and Specialised Disability Accommodation (SDA),Home Modifications,E,Yes,20260701,99991231,,,,,,,,,Quotable Supports
06_180000111_0111_2_2,HM Rental - Bathroom Toilet Ramp,0111,Home Modification Design And Construction,6,6,Home Modifications and Specialised Disability Accommodation (SDA),Home Modifications,E,No,20260701,99991231,1.0,1.0,1.0,N,N,N,N,N,Unit Price = $1
06_182100401_0111_2_2,MHM - Electrical and Door Automation,0111,Home Modification Design And Construction,6,6,Home Modifications and Specialised Disability Accommodation (SDA),Home Modifications,E,No,20260701,99991231,1.0,1.0,1.0,N,N,N,N,N,Unit Price = $1
06_182409401_0111_2_2,MHM - External Door,0111,Home Modification Design And Construction,6,6,Home Modifications and Specialised Disability Accommodation (SDA),Home Modifications,E,No,20260701,99991231,1.0,1.0,1.0,N,N,N,N,N,Unit Price = $1
06_182409402_0111_2_2,MHM - Internal Door,0111,Home Modification Design And Construction,6,6,Home Modifications and Specialised Disability Accommodation (SDA),Home Modifications,E,No,20260701,99991231,1.0,1.0,1.0,N,N,N,N,N,Unit Price = $1
06_182415401_0111_2_2,MHM - Flooring,0111,Home Modification Design And Construction,6,6,Home Modifications and Specialised Disability Accommodation (SDA),Home Modifications,E,No,20260701,99991231,1.0,1.0,1.0,N,N,N,N,N,Unit Price = $1
06_182488377_0111_2_2,HM - Bathroom/Toilet - Structural work,0111,Home Modification Design And Construction,6,6,Home Modifications and Specialised Disability Accommodation (SDA),Home Modifications,E,Yes,20260701,99991231,,,,,,,,,Quotable Supports
06_182488378_0111_2_2,HM - Kitchen or Laundry - Structural Work,0111,Home Modification Design And Construction,6,6,Home Modifications and Specialised Disability Accommodation (SDA),Home Modifications,E,Yes,20260701,99991231,,,,,,,,,Quotable Supports
06_182490112_0111_2_2,HM - Building Works Project Management,0111,Home Modification Design And Construction,6,6,Home Modifications and Specialised Disability Accommodation (SDA),Home Modifications,E,Yes,20260701,99991231,,,,,,,,,Quotable Supports
06_182495121_0111_2_2,CHM - Deposit,0111,Home Modification Design And Construction,6,6,Home Modifications and Specialised Disability Accommodation (SDA),Home Modifications,E,Yes,20260701,99991231,,,,,,,,,Quotable Supports
06_182495221_0111_2_2,CHM - Progress Stage,0111,Home Modification Design And Construction,6,6,Home Modifications and Specialised Disability Accommodation (SDA),Home Modifications,E,Yes,20260701,99991231,,,,,,,,,Quotable Supports
06_182495321_0111_2_2,CHM - Practical Completion,0111,Home Modification Design And Construction,6,6,Home Modifications and Specialised Disability Accommodation (SDA),Home Modifications,E,Yes,20260701,99991231,,,,,,,,,Quotable Supports
06_182495322_0111_2_2,MHM - Practical Completion,0111,Home Modification Design And Construction,6,6,Home Modifications and Specialised Disability Accommodation (SDA),Home Modifications,E,No,20260701,99991231,1.0,1.0,1.0,N,N,N,N,N,Unit Price = $1
06_182495401_0111_2_2,MHM - Bathroom,0111,Home Modification Design And Construction,6,6,Home Modifications and Specialised Disability Accommodation (SDA),Home Modifications,E,No,20260701,99991231,1.0,1.0,1.0,N,N,N,N,N,Unit Price = $1
06_182495402_0111_2_2,MHM - Kitchen,0111,Home Modification Design And Construction,6,6,Home Modifications and Specialised Disability Accommodation (SDA),Home Modifications,E,No,20260701,99991231,1.0,1.0,1.0,N,N,N,N,N,Unit Price = $1
06_182495405_0111_2_2,MHM - Laundry,0111,Home Modification Design And Construction,6,6,Home Modifications and Specialised Disability Accommodation (SDA),Home Modifications,E,No,20260701,99991231,1.0,1.0,1.0,N,N,N,N,N,Unit Price = $1
06_182495407_0111_2_2,MHM - Other works including Bedroom,0111,Home Modification Design And Construction,6,6,Home Modifications and Specialised Disability Accommodation (SDA),Home Modifications,E,No,20260701,99991231,1.0,1.0,1.0,N,N,N,N,N,Unit Price = $1
06_182495413_0111_2_2,MHM - Toilet Replacement,0111,Home Modification Design And Construction,6,6,Home Modifications and Specialised Disability Accommodation (SDA),Home Modifications,E,No,20260701,99991231,1.0,1.0,1.0,N,N,N,N,N,Unit Price = $1
06_182495414_0111_2_2,MHM - Cabinetry Alterations,0111,Home Modification Design And Construction,6,6,Home Modifications and Specialised Disability Accommodation (SDA),Home Modifications,E,No,20260701,99991231,1.0,1.0,1.0,N,N,N,N,N,Unit Price = $1
06_182495421_0111_2_2,HM - Certification and Compliance Approval,0111,Home Modification Design And Construction,6,6,Home Modifications and Specialised Disability Accommodation (SDA),Home Modifications,E,Yes,20260701,99991231,,,,,,,,,Quotable Supports
06_182499311_0111_2_2,HM - Design Consultation with Builder,0111,Home Modification Design And Construction,6,6,Home Modifications and Specialised Disability Accommodation (SDA),Home Modifications,E,No,20260701,99991231,1.0,1.0,1.0,N,N,N,N,N,Unit Price = $1
06_183003384_0111_2_2,HM - Elevator,0111,Home Modification Design And Construction,6,6,Home Modifications and Specialised Disability Accommodation (SDA),Home Modifications,E,Yes,20260701,99991231,,,,,,,,,Quotable Supports
06_183010387_0111_2_2,HM - Stair Climber or Stair / Platform Lift,0111,Home Modification Design And Construction,6,6,Home Modifications and Specialised Disability Accommodation (SDA),Home Modifications,E,Yes,20260701,99991231,,,,,,,,,Quotable Supports
06_183018404_0111_2_2,MHM - Ramp,0111,Home Modification Design And Construction,6,6,Home Modifications and Specialised Disability Accommodation (SDA),Home Modifications,E,No,20260701,99991231,1.0,1.0,1.0,N,N,N,N,N,Unit Price = $1
06_183018405_0111_2_2,HM - Ramp - Structural,0111,Home Modification Design And Construction,6,6,Home Modifications and Specialised Disability Accommodation (SDA),Home Modifications,E,Yes,20260701,99991231,,,,,,,,,Quotable Supports
06_183090401_0111_2_2,MHM - Pathway - External,0111,Home Modification Design And Construction,6,6,Home Modifications and Specialised Disability Accommodation (SDA),Home Modifications,E,No,20260701,99991231,1.0,1.0,1.0,N,N,N,N,N,Unit Price = $1
06_270303401_0111_2_2,MHM - Airconditioning,0111,Home Modification Design And Construction,6,6,Home Modifications and Specialised Disability Accommodation (SDA),Home Modifications,E,No,20260701,99991231,1.0,1.0,1.0,N,N,N,N,N,Unit Price = $1
06_431_0131_2_2,Specialist Disability Accommodation (SDA) - Quotable Amount,0131,Specialised Disability Accommodation,6,17,Home Modifications and Specialised Disability Accommodation (SDA),Specialised Disability Accommodation (SDA),E,Yes,20260701,99991231,,,,,,,,,Quotable Supports
06_432_0131_2_2,SDA Vacancy - Person-Specific Adjustment,0131,Specialised Disability Accommodation,6,17,Home Modifications and Specialised Disability Accommodation (SDA),Specialised Disability Accommodation (SDA),E,Yes,20260701,99991231,,,,,,,,,Quotable Supports
06_501824150_0111_2_2,Building Modifications due to damage caused by disability-related behaviours,0111,Home Modification Design And Construction,6,6,Home Modifications and Specialised Disability Accommodation (SDA),Home Modifications,E,No,20260701,99991231,1.0,1.0,1.0,N,N,N,N,N,Unit Price = $1
06_501824151_0111_2_2,Building Modifications due to damage caused by AT,0111,Home Modification Design And Construction,6,6,Home Modifications and Specialised Disability Accommodation (SDA),Home Modifications,E,No,20260701,99991231,1.0,1.0,1.0,N,N,N,N,N,Unit Price = $1
07_001_0106_8_3,Support Coordination Level 1: Support Connection,0106,"Assistance In Coordinating Or Managing Life Stages, Transitions And Supports",7,7,Support Coordination,Support Coordination and Psychosocial Recovery Coaches,H,No,20260701,99991231,80.06,112.08,120.09,Y,Y,Y,Y,N,Priced Supports
07_002_0106_8_3,Support Coordination Level 2: Coordination of Supports,0106,"Assistance In Coordinating Or Managing Life Stages, Transitions And Supports",7,7,Support Coordination,Support Coordination and Psychosocial Recovery Coaches,H,No,20260701,99991231,100.14,140.19,150.21,Y,Y,Y,Y,N,Priced Supports
07_004_0132_8_3,Support Coordination Level 3: Specialist Support Coordination,0132,Support Coordination,7,7,Support Coordination,Support Coordination and Psychosocial Recovery Coaches,H,No,20260701,99991231,190.54,266.75,285.8,Y,Y,Y,Y,N,Priced Supports
07_101_0106_6_3,Psychosocial Recovery Coaching - Weekday Daytime,0106,"Assistance In Coordinating Or Managing Life Stages, Transitions And Supports",7,7,Support Coordination,Support Coordination and Psychosocial Recovery Coaches,H,No,20260701,99991231,110.44,154.62,165.66,Y,Y,Y,N,N,Priced Supports
07_102_0106_6_3,Psychosocial Recovery Coaching - Weekday Evening,0106,"Assistance In Coordinating Or Managing Life Stages, Transitions And Supports",7,7,Support Coordination,Support Coordination and Psychosocial Recovery Coaches,H,No,20260701,99991231,121.68,170.35,182.52,Y,Y,Y,N,N,Priced Supports
07_103_0106_6_3,Psychosocial Recovery Coaching - Weekday Night,0106,"Assistance In Coordinating Or Managing Life Stages, Transitions And Supports",7,7,Support Coordination,Support Coordination and Psychosocial Recovery Coaches,H,No,20260701,99991231,123.93,173.5,185.9,Y,Y,Y,N,N,Priced Supports
07_104_0106_6_3,Psychosocial Recovery Coaching - Saturday,0106,"Assistance In Coordinating Or Managing Life Stages, Transitions And Supports",7,7,Support Coordination,Support Coordination and Psychosocial Recovery Coaches,H,No,20260701,99991231,155.41,217.57,233.12,Y,Y,Y,N,N,Priced Supports
07_105_0106_6_3,Psychosocial Recovery Coaching - Sunday,0106,"Assistance In Coordinating Or Managing Life Stages, Transitions And Supports",7,7,Support Coordination,Support Coordination and Psychosocial Recovery Coaches,H,No,20260701,99991231,200.39,280.55,300.59,Y,Y,Y,N,N,Priced Supports
07_106_0106_6_3,Psychosocial Recovery Coaching - Public Holiday,0106,"Assistance In Coordinating Or Managing Life Stages, Transitions And Supports",7,7,Support Coordination,Support Coordination and Psychosocial Recovery Coaches,H,No,20260701,99991231,245.36,343.5,368.04,Y,Y,Y,N,N,Priced Supports
07_501_0106_6_3,Activity Based Transport,0106,"Assistance In Coordinating Or Managing Life Stages, Transitions And Supports",7,7,Support Coordination,Support Coordination and Psychosocial Recovery Coaches,E,No,20260701,99991231,1.0,1.0,1.0,N,N,N,N,N,Unit Price = $1
07_799_0106_6_3,Provider travel - non-labour costs,0106,"Assistance In Coordinating Or Managing Life Stages, Transitions And Supports",7,7,Support Coordination,Support Coordination and Psychosocial Recovery Coaches,E,No,20260701,99991231,1.0,1.0,1.0,N,N,N,N,N,Unit Price = $1
07_799_0117_8_3,Provider travel - non-labour costs,0117,Development Of Daily Living And Life Skills,7,7,Support Coordination,Support Coordination and Psychosocial Recovery Coaches,E,No,20260701,99991231,1.0,1.0,1.0,N,N,N,N,N,Unit Price = $1
07_799_0132_8_3,Provider travel - non-labour costs,0132,Support Coordination,7,7,Support Coordination,Support Coordination and Psychosocial Recovery Coaches,E,No,20260701,99991231,1.0,1.0,1.0,N,N,N,N,N,Unit Price = $1
08_005_0106_2_3,Assistance With Accommodation And Tenancy Obligations,0106,"Assistance In Coordinating Or Managing Life Stages, Transitions And Supports",8,8,Improved Living Arrangements,Improved Living Arrangements,H,No,20260701,99991231,83.87,117.42,125.81,Y,Y,Y,N,N,Priced Supports
08_590_0106_2_3,Activity Based Transport,0106,"Assistance In Coordinating Or Managing Life Stages, Transitions And Supports",8,8,Improved Living Arrangements,Improved Living Arrangements,E,No,20260701,99991231,1.0,1.0,1.0,N,N,N,N,N,Unit Price = $1
08_799_0106_2_3,Provider travel - non-labour costs,0106,"Assistance In Coordinating Or Managing Life Stages, Transitions And Supports",8,8,Improved Living Arrangements,Improved Living Arrangements,E,No,20260701,99991231,1.0,1.0,1.0,N,N,N,N,N,Unit Price = $1
09_006_0106_6_3,Life Transition Planning Incl. Mentoring Peer-Support And Indiv Skill Develop,0106,"Assistance In Coordinating Or Managing Life Stages, Transitions And Supports",9,9,Increased Social and Community Participation,Increased Social and Community Participation,H,No,20260701,99991231,83.87,117.42,125.81,Y,Y,Y,N,N,Priced Supports
09_008_0116_6_3,Innovative Community Participation,0116,Innovative Community Participation,9,9,Increased Social and Community Participation,Increased Social and Community Participation,E,No,20260701,99991231,,,,N,N,N,N,N,
09_009_0117_6_3,Skills Development And Training,0117,Development Of Daily Living And Life Skills,9,9,Increased Social and Community Participation,Increased Social and Community Participation,H,No,20260701,99991231,83.87,117.42,125.81,Y,Y,Y,N,N,Priced Supports
09_011_0125_6_3,Community Participation Activities,0125,"Participation In Community, Social And Civic Activities",9,9,Increased Social and Community Participation,Increased Social and Community Participation,E,No,20260701,99991231,,,,N,N,N,N,N,
09_590_0106_6_3,Activity Based Transport,0106,"Assistance In Coordinating Or Managing Life Stages, Transitions And Supports",9,9,Increased Social and Community Participation,Increased Social and Community Participation,E,No,20260701,99991231,1.0,1.0,1.0,N,N,N,N,N,Unit Price = $1
09_591_0117_6_3,Activity Based Transport,0117,Development Of Daily Living And Life Skills,9,9,Increased Social and Community Participation,Increased Social and Community Participation,E,No,20260701,99991231,1.0,1.0,1.0,N,N,N,N,N,Unit Price = $1
09_799_0106_6_3,Provider travel - non-labour costs,0106,"Assistance In Coordinating Or Managing Life Stages, Transitions And Supports",9,9,Increased Social and Community Participation,Increased Social and Community Participation,E,No,20260701,99991231,1.0,1.0,1.0,N,N,N,N,N,Unit Price = $1
09_799_0117_6_3,Provider travel - non-labour costs,0117,Development Of Daily Living And Life Skills,9,9,Increased Social and Community Participation,Increased Social and Community Participation,E,No,20260701,99991231,1.0,1.0,1.0,N,N,N,N,N,Unit Price = $1
10_002_0106_8_3,Support Coordination Level 2: Coordination of Supports,0106,"Assistance In Coordinating Or Managing Life Stages, Transitions And Supports",10,10,Finding and Keeping a Job,Finding and Keeping a Job,H,No,20260701,99991231,100.14,140.19,150.21,Y,Y,Y,Y,N,Priced Supports
10_011_0128_5_3,Employment Therapy - Other Professional - Direct Service,0128,Therapeutic Supports,10,10,Finding and Keeping a Job,Finding and Keeping a Job,H,No,20260701,99991231,156.16,218.62,234.24,N,N,N,N,N,Priced Supports
10_011_0128_5_3_CA,Employment Therapy - Other Professional - Cancellation,0128,Therapeutic Supports,10,10,Finding and Keeping a Job,Finding and Keeping a Job,H,No,20260701,99991231,156.16,218.62,234.24,N,N,N,N,N,Priced Supports
10_011_0128_5_3_NF,Employment Therapy - Other Professional - Non-Face-to-Face,0128,Therapeutic Supports,10,10,Finding and Keeping a Job,Finding and Keeping a Job,H,No,20260701,99991231,156.16,218.62,234.24,N,N,N,N,N,Priced Supports
10_011_0128_5_3_PT,Employment Therapy - Other Professional - Provider Travel,0128,Therapeutic Supports,10,10,Finding and Keeping a Job,Finding and Keeping a Job,H,No,20260701,99991231,78.08,109.31,117.12,N,N,N,N,N,Priced Supports
10_011_0128_5_3_RR,Employment Therapy - Other Professional - NDIA Requested Reports,0128,Therapeutic Supports,10,10,Finding and Keeping a Job,Finding and Keeping a Job,H,No,20260701,99991231,156.16,218.62,234.24,N,N,N,N,N,Priced Supports
10_011_0128_5_3_TH,Employment Therapy - Other Professional - Telehealth,0128,Therapeutic Supports,10,10,Finding and Keeping a Job,Finding and Keeping a Job,H,No,20260701,99991231,156.16,218.62,234.24,N,N,N,N,N,Priced Supports
10_016_0102_5_3,Employment Assistance,0102,Assistance to Access and Maintain Employment or higher education,10,10,Finding and Keeping a Job,Finding and Keeping a Job,H,No,20260701,99991231,83.87,117.42,125.81,Y,Y,Y,Y,N,Priced Supports
10_021_0102_5_3,School Leaver Employment Supports,0102,Assistance to Access and Maintain Employment or higher education,10,10,Finding and Keeping a Job,Finding and Keeping a Job,E,No,20260701,99991231,,,,N,N,N,N,N,
10_054_0128_5_3,Employment Therapy - Psychologist - Direct Service,0128,Therapeutic Supports,10,10,Finding and Keeping a Job,Finding and Keeping a Job,H,No,20260701,99991231,252.99,354.19,379.49,N,N,N,N,N,Priced Supports
10_054_0128_5_3_CA,Employment Therapy - Psychologist - Cancellation,0128,Therapeutic Supports,10,10,Finding and Keeping a Job,Finding and Keeping a Job,H,No,20260701,99991231,252.99,354.19,379.49,N,N,N,N,N,Priced Supports
10_054_0128_5_3_NF,Employment Therapy - Psychologist - Non-Face-to-Face,0128,Therapeutic Supports,10,10,Finding and Keeping a Job,Finding and Keeping a Job,H,No,20260701,99991231,252.99,354.19,379.49,N,N,N,N,N,Priced Supports
10_054_0128_5_3_PT,Employment Therapy - Psychologist - Provider Travel,0128,Therapeutic Supports,10,10,Finding and Keeping a Job,Finding and Keeping a Job,H,No,20260701,99991231,126.5,177.1,189.75,N,N,N,N,N,Priced Supports
10_054_0128_5_3_RR,Employment Therapy - Psychologist - NDIA Requested Reports,0128,Therapeutic Supports,10,10,Finding and Keeping a Job,Finding and Keeping a Job,H,No,20260701,99991231,252.99,354.19,379.49,N,N,N,N,N,Priced Supports
10_054_0128_5_3_TH,Employment Therapy - Psychologist - Telehealth,0128,Therapeutic Supports,10,10,Finding and Keeping a Job,Finding and Keeping a Job,H,No,20260701,99991231,252.99,354.19,379.49,N,N,N,N,N,Priced Supports
10_055_0128_5_3,Employment Therapy - Physiotherapist - Direct Service,0128,Therapeutic Supports,10,10,Finding and Keeping a Job,Finding and Keeping a Job,H,No,20260701,99991231,183.99,257.59,275.99,N,N,N,N,N,Priced Supports
10_055_0128_5_3_CA,Employment Therapy - Physiotherapist - Cancellation,0128,Therapeutic Supports,10,10,Finding and Keeping a Job,Finding and Keeping a Job,H,No,20260701,99991231,183.99,257.59,275.99,N,N,N,N,N,Priced Supports
10_055_0128_5_3_NF,Employment Therapy - Physiotherapist - Non-Face-to-Face,0128,Therapeutic Supports,10,10,Finding and Keeping a Job,Finding and Keeping a Job,H,No,20260701,99991231,183.99,257.59,275.99,N,N,N,N,N,Priced Supports
10_055_0128_5_3_PT,Employment Therapy - Physiotherapist - Provider Travel,0128,Therapeutic Supports,10,10,Finding and Keeping a Job,Finding and Keeping a Job,H,No,20260701,99991231,92.0,128.8,138.0,N,N,N,N,N,Priced Supports
10_055_0128_5_3_RR,Employment Therapy - Physiotherapist - NDIA Requested Reports,0128,Therapeutic Supports,10,10,Finding and Keeping a Job,Finding and Keeping a Job,H,No,20260701,99991231,183.99,257.59,275.99,N,N,N,N,N,Priced Supports
10_055_0128_5_3_TH,Employment Therapy - Physiotherapist - Telehealth,0128,Therapeutic Supports,10,10,Finding and Keeping a Job,Finding and Keeping a Job,H,No,20260701,99991231,183.99,257.59,275.99,N,N,N,N,N,Priced Supports
10_101_0106_6_3,Psychosocial Recovery Coaching - Weekday Daytime,0106,"Assistance In Coordinating Or Managing Life Stages, Transitions And Supports",10,10,Finding and Keeping a Job,Finding and Keeping a Job,H,No,20260701,99991231,110.44,154.62,165.66,Y,Y,Y,N,N,Priced Supports
10_590_0102_5_3,Activity Based Transport,0102,Assistance to Access and Maintain Employment or higher education,10,10,Finding and Keeping a Job,Finding and Keeping a Job,E,No,20260701,99991231,1.0,1.0,1.0,N,N,N,N,N,Unit Price = $1
10_590_0133_5_3,Activity Based Transport,0133,Specialised Supported Employment,10,10,Finding and Keeping a Job,Finding and Keeping a Job,E,No,20260701,99991231,1.0,1.0,1.0,N,N,N,N,N,Unit Price = $1
10_599_0133_5_3,Centre Capital Cost,0133,Specialised Supported Employment,10,10,Finding and Keeping a Job,Finding and Keeping a Job,H,No,20260701,99991231,2.71,3.79,4.07,N,N,Y,N,N,Priced Supports
10_613_0128_5_3,Employment Therapy - Developmental Educator - Direct Service,0128,Therapeutic Supports,10,10,Finding and Keeping a Job,Finding and Keeping a Job,H,No,20260701,99991231,193.99,271.59,290.99,N,N,N,N,N,Priced Supports
10_613_0128_5_3_CA,Employment Therapy - Developmental Educator - Cancellation,0128,Therapeutic Supports,10,10,Finding and Keeping a Job,Finding and Keeping a Job,H,No,20260701,99991231,193.99,271.59,290.99,N,N,N,N,N,Priced Supports
10_613_0128_5_3_NF,Employment Therapy - Developmental Educator - Non-Face-to-Face,0128,Therapeutic Supports,10,10,Finding and Keeping a Job,Finding and Keeping a Job,H,No,20260701,99991231,193.99,271.59,290.99,N,N,N,N,N,Priced Supports
10_613_0128_5_3_PT,Employment Therapy - Developmental Educator - Provider Travel,0128,Therapeutic Supports,10,10,Finding and Keeping a Job,Finding and Keeping a Job,H,No,20260701,99991231,97.0,135.8,145.5,N,N,N,N,N,Priced Supports
10_613_0128_5_3_RR,Employment Therapy - Developmental Educator - NDIA Requested Reports,0128,Therapeutic Supports,10,10,Finding and Keeping a Job,Finding and Keeping a Job,H,No,20260701,99991231,193.99,271.59,290.99,N,N,N,N,N,Priced Supports
10_613_0128_5_3_TH,Employment Therapy - Developmental Educator - Telehealth,0128,Therapeutic Supports,10,10,Finding and Keeping a Job,Finding and Keeping a Job,H,No,20260701,99991231,193.99,271.59,290.99,N,N,N,N,N,Priced Supports
10_617_0128_5_3,Employment Therapy - Occupational Therapist - Direct Service,0128,Therapeutic Supports,10,10,Finding and Keeping a Job,Finding and Keeping a Job,H,No,20260701,99991231,193.99,271.59,290.99,N,N,N,N,N,Priced Supports
10_617_0128_5_3_CA,Employment Therapy - Occupational Therapist - Cancellation,0128,Therapeutic Supports,10,10,Finding and Keeping a Job,Finding and Keeping a Job,H,No,20260701,99991231,193.99,271.59,290.99,N,N,N,N,N,Priced Supports
10_617_0128_5_3_NF,Employment Therapy - Occupational Therapist - Non-Face-to-Face,0128,Therapeutic Supports,10,10,Finding and Keeping a Job,Finding and Keeping a Job,H,No,20260701,99991231,193.99,271.59,290.99,N,N,N,N,N,Priced Supports
10_617_0128_5_3_PT,Employment Therapy - Occupational Therapist - Provider Travel,0128,Therapeutic Supports,10,10,Finding and Keeping a Job,Finding and Keeping a Job,H,No,20260701,99991231,97.0,135.8,145.5,N,N,N,N,N,Priced Supports
10_617_0128_5_3_RR,Employment Therapy - Occupational Therapist - NDIA Requested Reports,0128,Therapeutic Supports,10,10,Finding and Keeping a Job,Finding and Keeping a Job,H,No,20260701,99991231,193.99,271.59,290.99,N,N,N,N,N,Priced Supports
10_617_0128_5_3_TH,Employment Therapy - Occupational Therapist - Telehealth,0128,Therapeutic Supports,10,10,Finding and Keeping a Job,Finding and Keeping a Job,H,No,20260701,99991231,193.99,271.59,290.99,N,N,N,N,N,Priced Supports
10_620_0128_5_3,Employment Therapy - Rehabilitation Counsellor - Direct Service,0128,Therapeutic Supports,10,10,Finding and Keeping a Job,Finding and Keeping a Job,H,No,20260701,99991231,193.99,271.59,290.99,N,N,N,N,N,Priced Supports
10_620_0128_5_3_CA,Employment Therapy - Rehabilitation Counsellor - Cancellation,0128,Therapeutic Supports,10,10,Finding and Keeping a Job,Finding and Keeping a Job,H,No,20260701,99991231,193.99,271.59,290.99,N,N,N,N,N,Priced Supports
10_620_0128_5_3_NF,Employment Therapy - Rehabilitation Counsellor - Non-Face-to-Face,0128,Therapeutic Supports,10,10,Finding and Keeping a Job,Finding and Keeping a Job,H,No,20260701,99991231,193.99,271.59,290.99,N,N,N,N,N,Priced Supports
10_620_0128_5_3_PT,Employment Therapy - Rehabilitation Counsellor - Provider Travel,0128,Therapeutic Supports,10,10,Finding and Keeping a Job,Finding and Keeping a Job,H,No,20260701,99991231,97.0,135.8,145.5,N,N,N,N,N,Priced Supports
10_620_0128_5_3_RR,Employment Therapy - Rehabilitation Counsellor - NDIA Requested Reports,0128,Therapeutic Supports,10,10,Finding and Keeping a Job,Finding and Keeping a Job,H,No,20260701,99991231,193.99,271.59,290.99,N,N,N,N,N,Priced Supports
10_620_0128_5_3_TH,Employment Therapy - Rehabilitation Counsellor - Telehealth,0128,Therapeutic Supports,10,10,Finding and Keeping a Job,Finding and Keeping a Job,H,No,20260701,99991231,193.99,271.59,290.99,N,N,N,N,N,Priced Supports
10_622_0128_5_3,Employment Therapy - Speech Pathologist - Direct Service,0128,Therapeutic Supports,10,10,Finding and Keeping a Job,Finding and Keeping a Job,H,No,20260701,99991231,193.99,271.59,290.99,N,N,N,N,N,Priced Supports
10_622_0128_5_3_CA,Employment Therapy - Speech Pathologist - Cancellation,0128,Therapeutic Supports,10,10,Finding and Keeping a Job,Finding and Keeping a Job,H,No,20260701,99991231,193.99,271.59,290.99,N,N,N,N,N,Priced Supports
10_622_0128_5_3_NF,Employment Therapy - Speech Pathologist - Non-Face-to-Face,0128,Therapeutic Supports,10,10,Finding and Keeping a Job,Finding and Keeping a Job,H,No,20260701,99991231,193.99,271.59,290.99,N,N,N,N,N,Priced Supports
10_622_0128_5_3_PT,Employment Therapy - Speech Pathologist - Provider Travel,0128,Therapeutic Supports,10,10,Finding and Keeping a Job,Finding and Keeping a Job,H,No,20260701,99991231,97.0,135.8,145.5,N,N,N,N,N,Priced Supports
10_622_0128_5_3_RR,Employment Therapy - Speech Pathologist - NDIA Requested Reports,0128,Therapeutic Supports,10,10,Finding and Keeping a Job,Finding and Keeping a Job,H,No,20260701,99991231,193.99,271.59,290.99,N,N,N,N,N,Priced Supports
10_622_0128_5_3_TH,Employment Therapy - Speech Pathologist - Telehealth,0128,Therapeutic Supports,10,10,Finding and Keeping a Job,Finding and Keeping a Job,H,No,20260701,99991231,193.99,271.59,290.99,N,N,N,N,N,Priced Supports
10_799_0102_5_3,Provider travel - non-labour costs,0102,Assistance to Access and Maintain Employment or higher education,10,10,Finding and Keeping a Job,Finding and Keeping a Job,E,No,20260701,99991231,1.0,1.0,1.0,N,N,N,N,N,Unit Price = $1
10_799_0128_5_3,Provider travel - non-labour costs,0128,Therapeutic Supports,10,10,Finding and Keeping a Job,Finding and Keeping a Job,E,No,20260701,99991231,1.0,1.0,1.0,N,N,N,N,N,Unit Price = $1
10_799_0133_5_3,Provider travel - non-labour costs,0133,Specialised Supported Employment,10,10,Finding and Keeping a Job,Finding and Keeping a Job,E,No,20260701,99991231,1.0,1.0,1.0,N,N,N,N,N,Unit Price = $1
10_806_0133_5_1,Supports in Employment - Weekday Daytime,0133,Specialised Supported Employment,10,10,Finding and Keeping a Job,Finding and Keeping a Job,H,No,20260701,99991231,73.58,103.01,110.37,Y,Y,Y,Y,N,Priced Supports
11_022_0110_7_3,Specialist Behavioural Intervention Support - Direct Service,0110,Specialist Positive Behaviour Support,11,20,Improved Relationships,Behaviour Support,H,No,20260701,99991231,252.99,354.19,379.49,N,N,N,N,N,Priced Supports
11_022_0110_7_3_CA,Specialist Behavioural Intervention Support - Cancellation,0110,Specialist Positive Behaviour Support,11,20,Improved Relationships,Behaviour Support,H,No,20260701,99991231,252.99,354.19,379.49,N,N,N,N,N,Priced Supports
11_022_0110_7_3_NF,Specialist Behavioural Intervention Support - Non-Face-to-Face,0110,Specialist Positive Behaviour Support,11,20,Improved Relationships,Behaviour Support,H,No,20260701,99991231,252.99,354.19,379.49,N,N,N,N,N,Priced Supports
11_022_0110_7_3_PT,Specialist Behavioural Intervention Support - Provider Travel,0110,Specialist Positive Behaviour Support,11,20,Improved Relationships,Behaviour Support,H,No,20260701,99991231,126.5,177.1,189.75,N,N,N,N,N,Priced Supports
11_022_0110_7_3_RR,Specialist Behavioural Intervention Support - NDIA Requested Reports,0110,Specialist Positive Behaviour Support,11,20,Improved Relationships,Behaviour Support,H,No,20260701,99991231,252.99,354.19,379.49,N,N,N,N,N,Priced Supports
11_022_0110_7_3_TH,Specialist Behavioural Intervention Support - Telehealth,0110,Specialist Positive Behaviour Support,11,20,Improved Relationships,Behaviour Support,H,No,20260701,99991231,252.99,354.19,379.49,N,N,N,N,N,Priced Supports
11_023_0110_7_3,Behaviour Management Plan Implementation - Direct Service,0110,Specialist Positive Behaviour Support,11,20,Improved Relationships,Behaviour Support,H,No,20260701,99991231,252.99,354.19,379.49,N,N,N,N,N,Priced Supports
11_023_0110_7_3_CA,Behaviour Management Plan Implementation - Cancellation,0110,Specialist Positive Behaviour Support,11,20,Improved Relationships,Behaviour Support,H,No,20260701,99991231,252.99,354.19,379.49,N,N,N,N,N,Priced Supports
11_023_0110_7_3_NF,Behaviour Management Plan Implementation - Non-Face-to-Face,0110,Specialist Positive Behaviour Support,11,20,Improved Relationships,Behaviour Support,H,No,20260701,99991231,252.99,354.19,379.49,N,N,N,N,N,Priced Supports
11_023_0110_7_3_PT,Behaviour Management Plan Implementation - Provider Travel,0110,Specialist Positive Behaviour Support,11,20,Improved Relationships,Behaviour Support,H,No,20260701,99991231,126.5,177.1,189.75,N,N,N,N,N,Priced Supports
11_023_0110_7_3_RR,Behaviour Management Plan Implementation - NDIA Requested Reports,0110,Specialist Positive Behaviour Support,11,20,Improved Relationships,Behaviour Support,H,No,20260701,99991231,252.99,354.19,379.49,N,N,N,N,N,Priced Supports
11_023_0110_7_3_TH,Behaviour Management Plan Implementation - Telehealth,0110,Specialist Positive Behaviour Support,11,20,Improved Relationships,Behaviour Support,H,No,20260701,99991231,252.99,354.19,379.49,N,N,N,N,N,Priced Supports
11_024_0117_7_3,Individual Social Skills Development,0117,Development Of Daily Living And Life Skills,11,11,Improved Relationships,Relationships,H,No,20260701,99991231,83.87,117.42,125.81,Y,Y,Y,Y,N,Priced Supports
11_590_0117_7_3,Activity Based Transport,0117,Development Of Daily Living And Life Skills,11,11,Improved Relationships,Relationships,E,No,20260701,99991231,1.0,1.0,1.0,N,N,N,N,N,Unit Price = $1
11_799_0110_7_3,Provider travel - non-labour costs,0110,Specialist Positive Behaviour Support,11,20,Improved Relationships,Behaviour Support,E,No,20260701,99991231,1.0,1.0,1.0,N,N,N,N,N,Unit Price = $1
11_799_0117_7_3,Provider travel - non-labour costs,0117,Development Of Daily Living And Life Skills,11,11,Improved Relationships,Relationships,E,No,20260701,99991231,1.0,1.0,1.0,N,N,N,N,N,Unit Price = $1
12_025_0128_3_3,Therapy - Dietitian - Direct Service,0128,Therapeutic Supports,12,12,Improved Health and Wellbeing,Health and Wellbeing,H,No,20260701,99991231,178.99,250.59,268.49,N,N,N,N,N,Priced Supports
12_025_0128_3_3_CA,Therapy - Dietitian - Cancellation,0128,Therapeutic Supports,12,12,Improved Health and Wellbeing,Health and Wellbeing,H,No,20260701,99991231,178.99,250.59,268.49,N,N,N,N,N,Priced Supports
12_025_0128_3_3_NF,Therapy - Dietitian - Non-Face-to-Face,0128,Therapeutic Supports,12,12,Improved Health and Wellbeing,Health and Wellbeing,H,No,20260701,99991231,178.99,250.59,268.49,N,N,N,N,N,Priced Supports
12_025_0128_3_3_PT,Therapy - Dietitian - Provider Travel,0128,Therapeutic Supports,12,12,Improved Health and Wellbeing,Health and Wellbeing,H,No,20260701,99991231,89.5,125.3,134.25,N,N,N,N,N,Priced Supports
12_025_0128_3_3_RR,Therapy - Dietitian - NDIA Requested Reports,0128,Therapeutic Supports,12,12,Improved Health and Wellbeing,Health and Wellbeing,H,No,20260701,99991231,178.99,250.59,268.49,N,N,N,N,N,Priced Supports
12_025_0128_3_3_TH,Therapy - Dietitian - Telehealth,0128,Therapeutic Supports,12,12,Improved Health and Wellbeing,Health and Wellbeing,H,No,20260701,99991231,178.99,250.59,268.49,N,N,N,N,N,Priced Supports
12_027_0126_3_3,Therapy - Exercise Physiologist - Direct Service,0126,Exercise Physiology & Personal Well-being Activities,12,12,Improved Health and Wellbeing,Health and Wellbeing,H,No,20260701,99991231,161.99,226.79,242.99,N,N,N,N,N,Priced Supports
12_027_0126_3_3_CA2,Therapy - Exercise Physiologist - Cancellation,0126,Exercise Physiology & Personal Well-being Activities,12,12,Improved Health and Wellbeing,Health and Wellbeing,H,No,20260703,99991231,161.99,226.79,242.99,N,N,N,N,N,Priced Supports
12_027_0126_3_3_NF,Therapy - Exercise Physiologist - Non-Face-to-Face,0126,Exercise Physiology & Personal Well-being Activities,12,12,Improved Health and Wellbeing,Health and Wellbeing,H,No,20260701,99991231,161.99,226.79,242.99,N,N,N,N,N,Priced Supports
12_027_0126_3_3_PT,Therapy - Exercise Physiologist - Provider Travel,0126,Exercise Physiology & Personal Well-being Activities,12,12,Improved Health and Wellbeing,Health and Wellbeing,H,No,20260701,99991231,81.0,113.4,121.5,N,N,N,N,N,Priced Supports
12_027_0126_3_3_RR,Therapy - Exercise Physiologist - NDIA Requested Reports,0126,Exercise Physiology & Personal Well-being Activities,12,12,Improved Health and Wellbeing,Health and Wellbeing,H,No,20260701,99991231,161.99,226.79,242.99,N,N,N,N,N,Priced Supports
12_027_0126_3_3_TH,Therapy - Exercise Physiologist - Telehealth,0126,Exercise Physiology & Personal Well-being Activities,12,12,Improved Health and Wellbeing,Health and Wellbeing,H,No,20260701,99991231,161.99,226.79,242.99,N,N,N,N,N,Priced Supports
12_027_0128_3_3,Therapy - Exercise Physiologist - Direct Service,0128,Therapeutic Supports,12,12,Improved Health and Wellbeing,Health and Wellbeing,H,No,20260701,99991231,161.99,226.79,242.99,N,N,N,N,N,Priced Supports
12_027_0128_3_3_CA,Therapy - Exercise Physiologist - Cancellation,0128,Therapeutic Supports,12,12,Improved Health and Wellbeing,Health and Wellbeing,H,No,20260701,99991231,161.99,226.79,242.99,N,N,N,N,N,Priced Supports
12_027_0128_3_3_NF,Therapy - Exercise Physiologist - Non-Face-to-Face,0128,Therapeutic Supports,12,12,Improved Health and Wellbeing,Health and Wellbeing,H,No,20260701,99991231,161.99,226.79,242.99,N,N,N,N,N,Priced Supports
12_027_0128_3_3_PT,Therapy - Exercise Physiologist - Provider Travel,0128,Therapeutic Supports,12,12,Improved Health and Wellbeing,Health and Wellbeing,H,No,20260701,99991231,81.0,113.4,121.5,N,N,N,N,N,Priced Supports
12_027_0128_3_3_RR,Therapy - Exercise Physiologist - NDIA Requested Reports,0128,Therapeutic Supports,12,12,Improved Health and Wellbeing,Health and Wellbeing,H,No,20260701,99991231,161.99,226.79,242.99,N,N,N,N,N,Priced Supports
12_027_0128_3_3_TH,Therapy - Exercise Physiologist - Telehealth,0128,Therapeutic Supports,12,12,Improved Health and Wellbeing,Health and Wellbeing,H,No,20260701,99991231,161.99,226.79,242.99,N,N,N,N,N,Priced Supports
12_029_0126_3_3,Personal training provided by a Personal Trainer to a participant,0126,Exercise Physiology & Personal Well-being Activities,12,12,Improved Health and Wellbeing,Health and Wellbeing,H,No,20260701,99991231,69.39,97.15,104.09,Y,Y,Y,Y,N,Priced Supports
12_799_0126_3_3,Provider travel - non-labour costs,0126,Exercise Physiology & Personal Well-being Activities,12,12,Improved Health and Wellbeing,Health and Wellbeing,E,No,20260701,99991231,1.0,1.0,1.0,N,N,N,N,N,Unit Price = $1
12_799_0128_3_3,Provider travel - non-labour costs,0128,Therapeutic Supports,12,12,Improved Health and Wellbeing,Health and Wellbeing,E,No,20260701,99991231,1.0,1.0,1.0,N,N,N,N,N,Unit Price = $1
13_030_0102_4_3,Transition Through School And To Further Education,0102,Assistance to Access and Maintain Employment or higher education,13,13,Improved Learning,Lifelong Learning,H,No,20260701,99991231,83.87,117.42,125.81,Y,Y,Y,N,N,Priced Supports
13_590_0102_4_3,Activity Based Transport,0102,Assistance to Access and Maintain Employment or higher education,13,13,Improved Learning,Lifelong Learning,E,No,20260701,99991231,1.0,1.0,1.0,N,N,N,N,N,Unit Price = $1
13_799_0102_4_3,Provider travel - non-labour costs,0102,Assistance to Access and Maintain Employment or higher education,13,13,Improved Learning,Lifelong Learning,E,No,20260701,99991231,1.0,1.0,1.0,N,N,N,N,N,Unit Price = $1
14_034_0127_8_3,Plan Management - Monthly Fee,0127,Management of Funding for Supports,14,14,Improved Life Choices,Choice and Control,MON,No,20260701,99991231,104.45,104.45,104.45,N,N,N,N,N,Priced Supports
15_001_0118_1_3,ECI Professional - Psychologist - Direct Service,0118,Early Intervention Supports For Early Childhood,15,15,Improved Daily Living Skills,Improved Daily Living Skills,H,No,20260701,99991231,252.99,354.19,379.49,N,N,N,N,N,Priced Supports
15_001_0118_1_3_CA,ECI Professional - Psychologist - Cancellation,0118,Early Intervention Supports For Early Childhood,15,15,Improved Daily Living Skills,Improved Daily Living Skills,H,No,20260701,99991231,252.99,354.19,379.49,N,N,N,N,N,Priced Supports
15_001_0118_1_3_NF,ECI Professional - Psychologist - Non-Face-to-Face,0118,Early Intervention Supports For Early Childhood,15,15,Improved Daily Living Skills,Improved Daily Living Skills,H,No,20260701,99991231,252.99,354.19,379.49,N,N,N,N,N,Priced Supports
15_001_0118_1_3_PT,ECI Professional - Psychologist - Provider Travel,0118,Early Intervention Supports For Early Childhood,15,15,Improved Daily Living Skills,Improved Daily Living Skills,H,No,20260701,99991231,126.5,177.1,189.75,N,N,N,N,N,Priced Supports
15_001_0118_1_3_RR,ECI Professional - Psychologist - NDIA Requested Reports,0118,Early Intervention Supports For Early Childhood,15,15,Improved Daily Living Skills,Improved Daily Living Skills,H,No,20260701,99991231,252.99,354.19,379.49,N,N,N,N,N,Priced Supports
15_001_0118_1_3_TH,ECI Professional - Psychologist - Telehealth,0118,Early Intervention Supports For Early Childhood,15,15,Improved Daily Living Skills,Improved Daily Living Skills,H,No,20260701,99991231,252.99,354.19,379.49,N,N,N,N,N,Priced Supports
15_003_0118_1_3,ECI Professional - Physiotherapist - Direct Service,0118,Early Intervention Supports For Early Childhood,15,15,Improved Daily Living Skills,Improved Daily Living Skills,H,No,20260701,99991231,183.99,257.59,275.99,N,N,N,N,N,Priced Supports
15_003_0118_1_3_CA,ECI Professional - Physiotherapist - Cancellation,0118,Early Intervention Supports For Early Childhood,15,15,Improved Daily Living Skills,Improved Daily Living Skills,H,No,20260701,99991231,183.99,257.59,275.99,N,N,N,N,N,Priced Supports
15_003_0118_1_3_NF,ECI Professional - Physiotherapist - Non-Face-to-Face,0118,Early Intervention Supports For Early Childhood,15,15,Improved Daily Living Skills,Improved Daily Living Skills,H,No,20260701,99991231,183.99,257.59,275.99,N,N,N,N,N,Priced Supports
15_003_0118_1_3_PT,ECI Professional - Physiotherapist - Provider Travel,0118,Early Intervention Supports For Early Childhood,15,15,Improved Daily Living Skills,Improved Daily Living Skills,H,No,20260701,99991231,92.0,128.8,138.0,N,N,N,N,N,Priced Supports
15_003_0118_1_3_RR,ECI Professional - Physiotherapist - NDIA Requested Reports,0118,Early Intervention Supports For Early Childhood,15,15,Improved Daily Living Skills,Improved Daily Living Skills,H,No,20260701,99991231,183.99,257.59,275.99,N,N,N,N,N,Priced Supports
15_003_0118_1_3_TH,ECI Professional - Physiotherapist - Telehealth,0118,Early Intervention Supports For Early Childhood,15,15,Improved Daily Living Skills,Improved Daily Living Skills,H,No,20260701,99991231,183.99,257.59,275.99,N,N,N,N,N,Priced Supports
15_005_0118_1_3,ECI Professional - Other Early Childhood Professional - Direct Service,0118,Early Intervention Supports For Early Childhood,15,15,Improved Daily Living Skills,Improved Daily Living Skills,H,No,20260701,99991231,193.99,271.59,290.99,N,N,N,N,N,Priced Supports
15_005_0118_1_3_CA,ECI Professional - Other Early Childhood Professional - Cancellation,0118,Early Intervention Supports For Early Childhood,15,15,Improved Daily Living Skills,Improved Daily Living Skills,H,No,20260701,99991231,193.99,271.59,290.99,N,N,N,N,N,Priced Supports
15_005_0118_1_3_NF,ECI Professional - Other Early Childhood Professional - Non-Face-to-Face,0118,Early Intervention Supports For Early Childhood,15,15,Improved Daily Living Skills,Improved Daily Living Skills,H,No,20260701,99991231,193.99,271.59,290.99,N,N,N,N,N,Priced Supports
15_005_0118_1_3_PT,ECI Professional - Other Early Childhood Professional - Provider Travel,0118,Early Intervention Supports For Early Childhood,15,15,Improved Daily Living Skills,Improved Daily Living Skills,H,No,20260701,99991231,97.0,135.8,145.5,N,N,N,N,N,Priced Supports
15_005_0118_1_3_RR,ECI Professional - Other Early Childhood Professional - NDIA Requested Reports,0118,Early Intervention Supports For Early Childhood,15,15,Improved Daily Living Skills,Improved Daily Living Skills,H,No,20260701,99991231,193.99,271.59,290.99,N,N,N,N,N,Priced Supports
15_005_0118_1_3_TH,ECI Professional - Other Early Childhood Professional - Telehealth,0118,Early Intervention Supports For Early Childhood,15,15,Improved Daily Living Skills,Improved Daily Living Skills,H,No,20260701,99991231,193.99,271.59,290.99,N,N,N,N,N,Priced Supports
15_007_0118_1_3,ECI Professional - Therapy Assistant - Level 1 - Direct Service,0118,Early Intervention Supports For Early Childhood,15,15,Improved Daily Living Skills,Improved Daily Living Skills,H,No,20260701,99991231,56.16,78.62,84.24,N,N,N,N,N,Priced Supports
15_007_0118_1_3_CA,ECI Professional - Therapy Assistant - Level 1 - Cancellation,0118,Early Intervention Supports For Early Childhood,15,15,Improved Daily Living Skills,Improved Daily Living Skills,H,No,20260701,99991231,56.16,78.62,84.24,N,N,N,N,N,Priced Supports
15_007_0118_1_3_NF,ECI Professional - Therapy Assistant - Level 1 - Non-Face-to-Face,0118,Early Intervention Supports For Early Childhood,15,15,Improved Daily Living Skills,Improved Daily Living Skills,H,No,20260701,99991231,56.16,78.62,84.24,N,N,N,N,N,Priced Supports
15_007_0118_1_3_PT,ECI Professional - Therapy Assistant - Level 1 - Provider Travel,0118,Early Intervention Supports For Early Childhood,15,15,Improved Daily Living Skills,Improved Daily Living Skills,H,No,20260701,99991231,28.08,39.31,42.12,N,N,N,N,N,Priced Supports
15_007_0118_1_3_RR,ECI Professional - Therapy Assistant - Level 1 - NDIA Requested Reports,0118,Early Intervention Supports For Early Childhood,15,15,Improved Daily Living Skills,Improved Daily Living Skills,H,No,20260701,99991231,56.16,78.62,84.24,N,N,N,N,N,Priced Supports
15_007_0118_1_3_TH,ECI Professional - Therapy Assistant - Level 1 - Telehealth,0118,Early Intervention Supports For Early Childhood,15,15,Improved Daily Living Skills,Improved Daily Living Skills,H,No,20260701,99991231,56.16,78.62,84.24,N,N,N,N,N,Priced Supports
15_008_0118_1_3,ECI Professional - Therapy Assistant - Level 2 - Direct Service,0118,Early Intervention Supports For Early Childhood,15,15,Improved Daily Living Skills,Improved Daily Living Skills,H,No,20260701,99991231,86.79,121.51,130.19,N,N,N,N,N,Priced Supports
15_008_0118_1_3_CA,ECI Professional - Therapy Assistant - Level 2 - Cancellation,0118,Early Intervention Supports For Early Childhood,15,15,Improved Daily Living Skills,Improved Daily Living Skills,H,No,20260701,99991231,86.79,121.51,130.19,N,N,N,N,N,Priced Supports
15_008_0118_1_3_NF,ECI Professional - Therapy Assistant - Level 2 - Non-Face-to-Face,0118,Early Intervention Supports For Early Childhood,15,15,Improved Daily Living Skills,Improved Daily Living Skills,H,No,20260701,99991231,86.79,121.51,130.19,N,N,N,N,N,Priced Supports
15_008_0118_1_3_PT,ECI Professional - Therapy Assistant - Level 2 - Provider Travel,0118,Early Intervention Supports For Early Childhood,15,15,Improved Daily Living Skills,Improved Daily Living Skills,H,No,20260701,99991231,43.4,60.76,65.1,N,N,N,N,N,Priced Supports
15_008_0118_1_3_RR,ECI Professional - Therapy Assistant - Level 2 - NDIA Requested Reports,0118,Early Intervention Supports For Early Childhood,15,15,Improved Daily Living Skills,Improved Daily Living Skills,H,No,20260701,99991231,86.79,121.51,130.19,N,N,N,N,N,Priced Supports
15_008_0118_1_3_TH,ECI Professional - Therapy Assistant - Level 2 - Telehealth,0118,Early Intervention Supports For Early Childhood,15,15,Improved Daily Living Skills,Improved Daily Living Skills,H,No,20260701,99991231,86.79,121.51,130.19,N,N,N,N,N,Priced Supports
15_035_0106_1_3,Assistance With Decision Making Daily Planning and Budgeting,0106,"Assistance In Coordinating Or Managing Life Stages, Transitions And Supports",15,15,Improved Daily Living Skills,Improved Daily Living Skills,H,No,20260701,99991231,73.58,103.01,110.37,Y,Y,Y,Y,N,Priced Supports
15_037_0117_1_3,Skill Development And Training including Public Transport Training,0117,Development Of Daily Living And Life Skills,15,15,Improved Daily Living Skills,Improved Daily Living Skills,H,No,20260701,99991231,73.58,103.01,110.37,Y,Y,Y,Y,N,Priced Supports
15_038_0117_1_3,Training For Carers/Parents,0117,Development Of Daily Living And Life Skills,15,15,Improved Daily Living Skills,Improved Daily Living Skills,H,No,20260701,99991231,83.87,117.42,125.81,Y,Y,Y,Y,N,Priced Supports
15_043_0128_1_3,Therapy - Counsellor - Direct Service,0128,Therapeutic Supports,15,15,Improved Daily Living Skills,Improved Daily Living Skills,H,No,20260701,99991231,156.16,218.62,234.24,N,N,N,N,N,Priced Supports
15_043_0128_1_3_CA,Therapy - Counsellor - Cancellation,0128,Therapeutic Supports,15,15,Improved Daily Living Skills,Improved Daily Living Skills,H,No,20260701,99991231,156.16,218.62,234.24,N,N,N,N,N,Priced Supports
15_043_0128_1_3_NF,Therapy - Counsellor - Non-Face-to-Face,0128,Therapeutic Supports,15,15,Improved Daily Living Skills,Improved Daily Living Skills,H,No,20260701,99991231,156.16,218.62,234.24,N,N,N,N,N,Priced Supports
15_043_0128_1_3_PT,Therapy - Counsellor - Provider Travel,0128,Therapeutic Supports,15,15,Improved Daily Living Skills,Improved Daily Living Skills,H,No,20260701,99991231,78.08,109.31,117.12,N,N,N,N,N,Priced Supports
15_043_0128_1_3_RR,Therapy - Counsellor - NDIA Requested Reports,0128,Therapeutic Supports,15,15,Improved Daily Living Skills,Improved Daily Living Skills,H,No,20260701,99991231,156.16,218.62,234.24,N,N,N,N,N,Priced Supports
15_043_0128_1_3_TH,Therapy - Counsellor - Telehealth,0128,Therapeutic Supports,15,15,Improved Daily Living Skills,Improved Daily Living Skills,H,No,20260701,99991231,156.16,218.62,234.24,N,N,N,N,N,Priced Supports
15_045_0128_1_3,Community Engagement Assistance,0128,Therapeutic Supports,15,15,Improved Daily Living Skills,Improved Daily Living Skills,H,No,20260701,99991231,53.02,74.23,79.53,Y,Y,Y,Y,N,Priced Supports
15_046_0129_1_3,Specialised Driver Training,0129,Specialised Driver Training,15,15,Improved Daily Living Skills,Improved Daily Living Skills,E,Yes,20260701,99991231,,,,,,,,,Quotable Supports
15_047_0135_1_3,Selection or Manufacture of Individualised Technology - Direct Service,0135,Customised Prosthetics (includes Orthotics),15,15,Improved Daily Living Skills,Improved Daily Living Skills,H,No,20260701,99991231,193.99,271.59,290.99,N,N,N,N,N,Priced Supports
15_047_0135_1_3_CA,Selection or Manufacture of Individualised Technology - Cancellation,0135,Customised Prosthetics (includes Orthotics),15,15,Improved Daily Living Skills,Improved Daily Living Skills,H,No,20260701,99991231,193.99,271.59,290.99,N,N,N,N,N,Priced Supports
15_047_0135_1_3_NF,Selection or Manufacture of Individualised Technology - Non-Face-to-Face,0135,Customised Prosthetics (includes Orthotics),15,15,Improved Daily Living Skills,Improved Daily Living Skills,H,No,20260701,99991231,193.99,271.59,290.99,N,N,N,N,N,Priced Supports
15_047_0135_1_3_PT,Selection or Manufacture of Individualised Technology - Provider Travel,0135,Customised Prosthetics (includes Orthotics),15,15,Improved Daily Living Skills,Improved Daily Living Skills,H,No,20260701,99991231,97.0,135.8,145.5,N,N,N,N,N,Priced Supports
15_047_0135_1_3_RR,Selection or Manufacture of Individualised Technology - NDIA Requested Reports,0135,Customised Prosthetics (includes Orthotics),15,15,Improved Daily Living Skills,Improved Daily Living Skills,H,No,20260701,99991231,193.99,271.59,290.99,N,N,N,N,N,Priced Supports
15_047_0135_1_3_TH,Selection or Manufacture of Individualised Technology - Telehealth,0135,Customised Prosthetics (includes Orthotics),15,15,Improved Daily Living Skills,Improved Daily Living Skills,H,No,20260701,99991231,193.99,271.59,290.99,N,N,N,N,N,Priced Supports
15_049_0128_1_3,Multidisciplinary Team,0128,Therapeutic Supports,15,15,Improved Daily Living Skills,Improved Daily Living Skills,E,No,20260701,99991231,,,,N,N,N,N,N,
15_052_0128_1_3,Therapy Assistant - Level 1 - Direct Service,0128,Therapeutic Supports,15,15,Improved Daily Living Skills,Improved Daily Living Skills,H,No,20260701,99991231,56.16,78.62,84.24,N,N,N,N,N,Priced Supports
15_052_0128_1_3_CA,Therapy Assistant - Level 1 - Cancellation,0128,Therapeutic Supports,15,15,Improved Daily Living Skills,Improved Daily Living Skills,H,No,20260701,99991231,56.16,78.62,84.24,N,N,N,N,N,Priced Supports
15_052_0128_1_3_NF,Therapy Assistant - Level 1 - Non-Face-to-Face,0128,Therapeutic Supports,15,15,Improved Daily Living Skills,Improved Daily Living Skills,H,No,20260701,99991231,56.16,78.62,84.24,N,N,N,N,N,Priced Supports
15_052_0128_1_3_PT,Therapy Assistant - Level 1 - Provider Travel,0128,Therapeutic Supports,15,15,Improved Daily Living Skills,Improved Daily Living Skills,H,No,20260701,99991231,28.08,39.31,42.12,N,N,N,N,N,Priced Supports
15_052_0128_1_3_RR,Therapy Assistant - Level 1 - NDIA Requested Reports,0128,Therapeutic Supports,15,15,Improved Daily Living Skills,Improved Daily Living Skills,H,No,20260701,99991231,56.16,78.62,84.24,N,N,N,N,N,Priced Supports
15_052_0128_1_3_TH,Therapy Assistant - Level 1 - Telehealth,0128,Therapeutic Supports,15,15,Improved Daily Living Skills,Improved Daily Living Skills,H,No,20260701,99991231,56.16,78.62,84.24,N,N,N,N,N,Priced Supports
15_053_0128_1_3,Therapy Assistant - Level 2 - Direct Service,0128,Therapeutic Supports,15,15,Improved Daily Living Skills,Improved Daily Living Skills,H,No,20260701,99991231,86.79,121.51,130.19,N,N,N,N,N,Priced Supports
15_053_0128_1_3_CA,Therapy Assistant - Level 2 - Cancellation,0128,Therapeutic Supports,15,15,Improved Daily Living Skills,Improved Daily Living Skills,H,No,20260701,99991231,86.79,121.51,130.19,N,N,N,N,N,Priced Supports
15_053_0128_1_3_NF,Therapy Assistant - Level 2 - Non-Face-to-Face,0128,Therapeutic Supports,15,15,Improved Daily Living Skills,Improved Daily Living Skills,H,No,20260701,99991231,86.79,121.51,130.19,N,N,N,N,N,Priced Supports
15_053_0128_1_3_PT,Therapy Assistant - Level 2 - Provider Travel,0128,Therapeutic Supports,15,15,Improved Daily Living Skills,Improved Daily Living Skills,H,No,20260701,99991231,43.4,60.76,65.1,N,N,N,N,N,Priced Supports
15_053_0128_1_3_RR,Therapy Assistant - Level 2 - NDIA Requested Reports,0128,Therapeutic Supports,15,15,Improved Daily Living Skills,Improved Daily Living Skills,H,No,20260701,99991231,86.79,121.51,130.19,N,N,N,N,N,Priced Supports
15_053_0128_1_3_TH,Therapy Assistant - Level 2 - Telehealth,0128,Therapeutic Supports,15,15,Improved Daily Living Skills,Improved Daily Living Skills,H,No,20260701,99991231,86.79,121.51,130.19,N,N,N,N,N,Priced Supports
15_054_0128_1_3,Therapy - Psychologist - Direct Service,0128,Therapeutic Supports,15,15,Improved Daily Living Skills,Improved Daily Living Skills,H,No,20260701,99991231,252.99,354.19,379.49,N,N,N,N,N,Priced Supports
15_054_0128_1_3_CA,Therapy - Psychologist - Cancellation,0128,Therapeutic Supports,15,15,Improved Daily Living Skills,Improved Daily Living Skills,H,No,20260701,99991231,252.99,354.19,379.49,N,N,N,N,N,Priced Supports
15_054_0128_1_3_NF,Therapy - Psychologist - Non-Face-to-Face,0128,Therapeutic Supports,15,15,Improved Daily Living Skills,Improved Daily Living Skills,H,No,20260701,99991231,252.99,354.19,379.49,N,N,N,N,N,Priced Supports
15_054_0128_1_3_PT,Therapy - Psychologist - Provider Travel,0128,Therapeutic Supports,15,15,Improved Daily Living Skills,Improved Daily Living Skills,H,No,20260701,99991231,126.5,177.1,189.75,N,N,N,N,N,Priced Supports
15_054_0128_1_3_RR,Therapy - Psychologist - NDIA Requested Reports,0128,Therapeutic Supports,15,15,Improved Daily Living Skills,Improved Daily Living Skills,H,No,20260701,99991231,252.99,354.19,379.49,N,N,N,N,N,Priced Supports
15_054_0128_1_3_TH,Therapy - Psychologist - Telehealth,0128,Therapeutic Supports,15,15,Improved Daily Living Skills,Improved Daily Living Skills,H,No,20260701,99991231,252.99,354.19,379.49,N,N,N,N,N,Priced Supports
15_055_0128_1_3,Therapy - Physiotherapist - Direct Service,0128,Therapeutic Supports,15,15,Improved Daily Living Skills,Improved Daily Living Skills,H,No,20260701,99991231,183.99,257.59,275.99,N,N,N,N,N,Priced Supports
15_055_0128_1_3_CA,Therapy - Physiotherapist - Cancellation,0128,Therapeutic Supports,15,15,Improved Daily Living Skills,Improved Daily Living Skills,H,No,20260701,99991231,183.99,257.59,275.99,N,N,N,N,N,Priced Supports
15_055_0128_1_3_NF,Therapy - Physiotherapist - Non-Face-to-Face,0128,Therapeutic Supports,15,15,Improved Daily Living Skills,Improved Daily Living Skills,H,No,20260701,99991231,183.99,257.59,275.99,N,N,N,N,N,Priced Supports
15_055_0128_1_3_PT,Therapy - Physiotherapist - Provider Travel,0128,Therapeutic Supports,15,15,Improved Daily Living Skills,Improved Daily Living Skills,H,No,20260701,99991231,92.0,128.8,138.0,N,N,N,N,N,Priced Supports
15_055_0128_1_3_RR,Therapy - Physiotherapist - NDIA Requested Reports,0128,Therapeutic Supports,15,15,Improved Daily Living Skills,Improved Daily Living Skills,H,No,20260701,99991231,183.99,257.59,275.99,N,N,N,N,N,Priced Supports
15_055_0128_1_3_TH,Therapy - Physiotherapist - Telehealth,0128,Therapeutic Supports,15,15,Improved Daily Living Skills,Improved Daily Living Skills,H,No,20260701,99991231,183.99,257.59,275.99,N,N,N,N,N,Priced Supports
15_056_0128_1_3,Therapy - Other Professional - Direct Service,0128,Therapeutic Supports,15,15,Improved Daily Living Skills,Improved Daily Living Skills,H,No,20260701,99991231,156.16,218.62,234.24,N,N,N,N,N,Priced Supports
15_056_0128_1_3_CA,Therapy - Other Professional - Cancellation,0128,Therapeutic Supports,15,15,Improved Daily Living Skills,Improved Daily Living Skills,H,No,20260701,99991231,156.16,218.62,234.24,N,N,N,N,N,Priced Supports
15_056_0128_1_3_NF,Therapy - Other Professional - Non-Face-to-Face,0128,Therapeutic Supports,15,15,Improved Daily Living Skills,Improved Daily Living Skills,H,No,20260701,99991231,156.16,218.62,234.24,N,N,N,N,N,Priced Supports
15_056_0128_1_3_PT,Therapy - Other Professional - Provider Travel,0128,Therapeutic Supports,15,15,Improved Daily Living Skills,Improved Daily Living Skills,H,No,20260701,99991231,78.08,109.31,117.12,N,N,N,N,N,Priced Supports
15_056_0128_1_3_RR,Therapy - Other Professional - NDIA Requested Reports,0128,Therapeutic Supports,15,15,Improved Daily Living Skills,Improved Daily Living Skills,H,No,20260701,99991231,156.16,218.62,234.24,N,N,N,N,N,Priced Supports
15_056_0128_1_3_TH,Therapy - Other Professional - Telehealth,0128,Therapeutic Supports,15,15,Improved Daily Living Skills,Improved Daily Living Skills,H,No,20260701,99991231,156.16,218.62,234.24,N,N,N,N,N,Priced Supports
15_062_0118_1_3,ECI Professional - Dietitian - Direct Service,0118,Early Intervention Supports For Early Childhood,15,15,Improved Daily Living Skills,Improved Daily Living Skills,H,No,20260701,99991231,178.99,250.59,268.49,N,N,N,N,N,Priced Supports
15_062_0118_1_3_CA,ECI Professional - Dietitian - Cancellation,0118,Early Intervention Supports For Early Childhood,15,15,Improved Daily Living Skills,Improved Daily Living Skills,H,No,20260701,99991231,178.99,250.59,268.49,N,N,N,N,N,Priced Supports
15_062_0118_1_3_NF,ECI Professional - Dietitian - Non-Face-to-Face,0118,Early Intervention Supports For Early Childhood,15,15,Improved Daily Living Skills,Improved Daily Living Skills,H,No,20260701,99991231,178.99,250.59,268.49,N,N,N,N,N,Priced Supports
15_062_0118_1_3_PT,ECI Professional - Dietitian - Provider Travel,0118,Early Intervention Supports For Early Childhood,15,15,Improved Daily Living Skills,Improved Daily Living Skills,H,No,20260701,99991231,89.5,125.3,134.25,N,N,N,N,N,Priced Supports
15_062_0118_1_3_RR,ECI Professional - Dietitian - NDIA Requested Reports,0118,Early Intervention Supports For Early Childhood,15,15,Improved Daily Living Skills,Improved Daily Living Skills,H,No,20260701,99991231,178.99,250.59,268.49,N,N,N,N,N,Priced Supports
15_062_0118_1_3_TH,ECI Professional - Dietitian - Telehealth,0118,Early Intervention Supports For Early Childhood,15,15,Improved Daily Living Skills,Improved Daily Living Skills,H,No,20260701,99991231,178.99,250.59,268.49,N,N,N,N,N,Priced Supports
15_062_0128_3_3,Therapy - Dietitian - Direct Service,0128,Therapeutic Supports,15,15,Improved Daily Living Skills,Improved Daily Living Skills,H,No,20260701,99991231,178.99,250.59,268.49,N,N,N,N,N,Priced Supports
15_062_0128_3_3_CA,Therapy - Dietitian - Cancellation,0128,Therapeutic Supports,15,15,Improved Daily Living Skills,Improved Daily Living Skills,H,No,20260701,99991231,178.99,250.59,268.49,N,N,N,N,N,Priced Supports
15_062_0128_3_3_NF,Therapy - Dietitian - Non-Face-to-Face,0128,Therapeutic Supports,15,15,Improved Daily Living Skills,Improved Daily Living Skills,H,No,20260701,99991231,178.99,250.59,268.49,N,N,N,N,N,Priced Supports
15_062_0128_3_3_PT,Therapy - Dietitian - Provider Travel,0128,Therapeutic Supports,15,15,Improved Daily Living Skills,Improved Daily Living Skills,H,No,20260701,99991231,89.5,125.3,134.25,N,N,N,N,N,Priced Supports
15_062_0128_3_3_RR,Therapy - Dietitian - NDIA Requested Reports,0128,Therapeutic Supports,15,15,Improved Daily Living Skills,Improved Daily Living Skills,H,No,20260701,99991231,178.99,250.59,268.49,N,N,N,N,N,Priced Supports
15_062_0128_3_3_TH,Therapy - Dietitian - Telehealth,0128,Therapeutic Supports,15,15,Improved Daily Living Skills,Improved Daily Living Skills,H,No,20260701,99991231,178.99,250.59,268.49,N,N,N,N,N,Priced Supports
15_200_0126_1_3,Therapy - Exercise Physiologist - Direct Service,0126,Exercise Physiology & Personal Well-being Activities,15,15,Improved Daily Living Skills,Improved Daily Living Skills,H,No,20260701,99991231,161.99,226.79,242.99,N,N,N,N,N,Priced Supports
15_200_0126_1_3_CA,Therapy - Exercise Physiologist - Cancellation,0126,Exercise Physiology & Personal Well-being Activities,15,15,Improved Daily Living Skills,Improved Daily Living Skills,H,No,20260701,99991231,161.99,226.79,242.99,N,N,N,N,N,Priced Supports
15_200_0126_1_3_NF,Therapy - Exercise Physiologist - Non-Face-to-Face,0126,Exercise Physiology & Personal Well-being Activities,15,15,Improved Daily Living Skills,Improved Daily Living Skills,H,No,20260701,99991231,161.99,226.79,242.99,N,N,N,N,N,Priced Supports
15_200_0126_1_3_PT,Therapy - Exercise Physiologist - Provider Travel,0126,Exercise Physiology & Personal Well-being Activities,15,15,Improved Daily Living Skills,Improved Daily Living Skills,H,No,20260701,99991231,81.0,113.4,121.5,N,N,N,N,N,Priced Supports
15_200_0126_1_3_RR,Therapy - Exercise Physiologist - NDIA Requested Reports,0126,Exercise Physiology & Personal Well-being Activities,15,15,Improved Daily Living Skills,Improved Daily Living Skills,H,No,20260701,99991231,161.99,226.79,242.99,N,N,N,N,N,Priced Supports
15_200_0126_1_3_TH,Therapy - Exercise Physiologist - Telehealth,0126,Exercise Physiology & Personal Well-being Activities,15,15,Improved Daily Living Skills,Improved Daily Living Skills,H,No,20260701,99991231,161.99,226.79,242.99,N,N,N,N,N,Priced Supports
15_200_0128_1_3,Therapy - Exercise Physiologist - Direct Service,0128,Therapeutic Supports,15,15,Improved Daily Living Skills,Improved Daily Living Skills,H,No,20260701,99991231,161.99,226.79,242.99,N,N,N,N,N,Priced Supports
15_200_0128_1_3_CA,Therapy - Exercise Physiologist - Cancellation,0128,Therapeutic Supports,15,15,Improved Daily Living Skills,Improved Daily Living Skills,H,No,20260701,99991231,161.99,226.79,242.99,N,N,N,N,N,Priced Supports
15_200_0128_1_3_NF,Therapy - Exercise Physiologist - Non-Face-to-Face,0128,Therapeutic Supports,15,15,Improved Daily Living Skills,Improved Daily Living Skills,H,No,20260701,99991231,161.99,226.79,242.99,N,N,N,N,N,Priced Supports
15_200_0128_1_3_PT,Therapy - Exercise Physiologist - Provider Travel,0128,Therapeutic Supports,15,15,Improved Daily Living Skills,Improved Daily Living Skills,H,No,20260701,99991231,81.0,113.4,121.5,N,N,N,N,N,Priced Supports
15_200_0128_1_3_RR,Therapy - Exercise Physiologist - NDIA Requested Reports,0128,Therapeutic Supports,15,15,Improved Daily Living Skills,Improved Daily Living Skills,H,No,20260701,99991231,161.99,226.79,242.99,N,N,N,N,N,Priced Supports
15_200_0128_1_3_TH,Therapy - Exercise Physiologist - Telehealth,0128,Therapeutic Supports,15,15,Improved Daily Living Skills,Improved Daily Living Skills,H,No,20260701,99991231,161.99,226.79,242.99,N,N,N,N,N,Priced Supports
15_300_0103_1_3,Assistive Technology Mentoring,0103,Assistive Products For Personal Care And Safety,15,15,Improved Daily Living Skills,Improved Daily Living Skills,H,No,20260701,99991231,110.44,154.62,165.66,Y,Y,Y,N,N,Priced Supports
15_400_0114_1_3,Delivery of Health Supports by an Enrolled Nurse - Weekday Daytime,0114,Community Nursing Care,15,15,Improved Daily Living Skills,Improved Daily Living Skills,H,No,20260701,99991231,103.44,144.82,155.16,Y,Y,Y,Y,N,Priced Supports
15_401_0114_1_3,Delivery of Health Supports by an Enrolled Nurse - Weekday Evening,0114,Community Nursing Care,15,15,Improved Daily Living Skills,Improved Daily Living Skills,H,No,20260701,99991231,114.1,159.74,171.15,Y,Y,Y,Y,N,Priced Supports
15_402_0114_1_3,Delivery of Health Supports by an Enrolled Nurse - Saturday,0114,Community Nursing Care,15,15,Improved Daily Living Skills,Improved Daily Living Skills,H,No,20260701,99991231,147.55,206.57,221.33,Y,Y,Y,Y,N,Priced Supports
15_403_0114_1_3,Delivery of Health Supports by an Enrolled Nurse - Sunday,0114,Community Nursing Care,15,15,Improved Daily Living Skills,Improved Daily Living Skills,H,No,20260701,99991231,169.62,237.47,254.43,Y,Y,Y,Y,N,Priced Supports
15_404_0114_1_3,Delivery of Health Supports by an Enrolled Nurse - Public Holiday,0114,Community Nursing Care,15,15,Improved Daily Living Skills,Improved Daily Living Skills,H,No,20260701,99991231,191.67,268.34,287.51,Y,Y,Y,Y,N,Priced Supports
15_405_0114_1_3,Delivery of Health Supports by an Enrolled Nurse - Weekday Night,0114,Community Nursing Care,15,15,Improved Daily Living Skills,Improved Daily Living Skills,H,No,20260701,99991231,116.22,162.71,174.33,Y,Y,Y,Y,N,Priced Supports
15_406_0114_1_3,Delivery of Health Supports by a Registered Nurse - Weekday Daytime,0114,Community Nursing Care,15,15,Improved Daily Living Skills,Improved Daily Living Skills,H,No,20260701,99991231,128.05,179.27,192.08,Y,Y,Y,Y,N,Priced Supports
15_407_0114_1_3,Delivery of Health Supports by a Registered Nurse - Weekday Evening,0114,Community Nursing Care,15,15,Improved Daily Living Skills,Improved Daily Living Skills,H,No,20260701,99991231,141.27,197.78,211.91,Y,Y,Y,Y,N,Priced Supports
15_408_0114_1_3,Delivery of Health Supports by a Registered Nurse - Saturday,0114,Community Nursing Care,15,15,Improved Daily Living Skills,Improved Daily Living Skills,H,No,20260701,99991231,182.75,255.85,274.13,Y,Y,Y,Y,N,Priced Supports
15_409_0114_1_3,Delivery of Health Supports by a Registered Nurse - Sunday,0114,Community Nursing Care,15,15,Improved Daily Living Skills,Improved Daily Living Skills,H,No,20260701,99991231,210.09,294.13,315.14,Y,Y,Y,Y,N,Priced Supports
15_410_0114_1_3,Delivery of Health Supports by a Registered Nurse - Public Holiday,0114,Community Nursing Care,15,15,Improved Daily Living Skills,Improved Daily Living Skills,H,No,20260701,99991231,237.43,332.4,356.15,Y,Y,Y,Y,N,Priced Supports
15_411_0114_1_3,Delivery of Health Supports by a Registered Nurse - Weekday Night,0114,Community Nursing Care,15,15,Improved Daily Living Skills,Improved Daily Living Skills,H,No,20260701,99991231,143.9,201.46,215.85,Y,Y,Y,Y,N,Priced Supports
15_412_0114_1_3,Delivery of Health Supports by a Clinical Nurse - Weekday Daytime,0114,Community Nursing Care,15,15,Improved Daily Living Skills,Improved Daily Living Skills,H,No,20260701,99991231,148.13,207.38,222.2,Y,Y,Y,Y,N,Priced Supports
15_413_0114_1_3,Delivery of Health Supports by a Clinical Nurse - Weekday Evening,0114,Community Nursing Care,15,15,Improved Daily Living Skills,Improved Daily Living Skills,H,No,20260701,99991231,163.39,228.75,245.09,Y,Y,Y,Y,N,Priced Supports
15_414_0114_1_3,Delivery of Health Supports by a Clinical Nurse - Saturday,0114,Community Nursing Care,15,15,Improved Daily Living Skills,Improved Daily Living Skills,H,No,20260701,99991231,211.39,295.95,317.09,Y,Y,Y,Y,N,Priced Supports
15_415_0114_1_3,Delivery of Health Supports by a Clinical Nurse - Sunday,0114,Community Nursing Care,15,15,Improved Daily Living Skills,Improved Daily Living Skills,H,No,20260701,99991231,243.02,340.23,364.53,Y,Y,Y,Y,N,Priced Supports
15_416_0114_1_3,Delivery of Health Supports by a Clinical Nurse - Public Holiday,0114,Community Nursing Care,15,15,Improved Daily Living Skills,Improved Daily Living Skills,H,No,20260701,99991231,274.64,384.5,411.96,Y,Y,Y,Y,N,Priced Supports
15_417_0114_1_3,Delivery of Health Supports by a Clinical Nurse - Weekday Night,0114,Community Nursing Care,15,15,Improved Daily Living Skills,Improved Daily Living Skills,H,No,20260701,99991231,166.45,233.03,249.68,Y,Y,Y,Y,N,Priced Supports
15_418_0114_1_3,Delivery of Health Supports by a Clinical Nurse Consultant - Weekday Daytime,0114,Community Nursing Care,15,15,Improved Daily Living Skills,Improved Daily Living Skills,H,No,20260701,99991231,175.18,245.25,262.77,Y,Y,Y,Y,N,Priced Supports
15_419_0114_1_3,Delivery of Health Supports by a Clinical Nurse Consultant - Weekday Evening,0114,Community Nursing Care,15,15,Improved Daily Living Skills,Improved Daily Living Skills,H,No,20260701,99991231,193.27,270.58,289.91,Y,Y,Y,Y,N,Priced Supports
15_420_0114_1_3,Delivery of Health Supports by a Clinical Nurse Consultant - Saturday,0114,Community Nursing Care,15,15,Improved Daily Living Skills,Improved Daily Living Skills,H,No,20260701,99991231,250.12,350.17,375.18,Y,Y,Y,Y,N,Priced Supports
15_421_0114_1_3,Delivery of Health Supports by a Clinical Nurse Consultant - Sunday,0114,Community Nursing Care,15,15,Improved Daily Living Skills,Improved Daily Living Skills,H,No,20260701,99991231,287.58,402.61,431.37,Y,Y,Y,Y,N,Priced Supports
15_422_0114_1_3,Delivery of Health Supports by a Clinical Nurse Consultant - Public Holiday,0114,Community Nursing Care,15,15,Improved Daily Living Skills,Improved Daily Living Skills,H,No,20260701,99991231,325.03,455.04,487.55,Y,Y,Y,Y,N,Priced Supports
15_423_0114_1_3,Delivery of Health Supports by a Clinical Nurse Consultant - Weekday Night,0114,Community Nursing Care,15,15,Improved Daily Living Skills,Improved Daily Living Skills,H,No,20260701,99991231,196.89,275.65,295.34,Y,Y,Y,Y,N,Priced Supports
15_424_0114_1_3,Delivery of Health Supports by a Nurse Practitioner - Weekday Daytime,0114,Community Nursing Care,15,15,Improved Daily Living Skills,Improved Daily Living Skills,H,No,20260701,99991231,183.15,256.41,274.73,Y,Y,Y,Y,N,Priced Supports
15_425_0114_1_3,Delivery of Health Supports by a Nurse Practitioner - Weekday Evening,0114,Community Nursing Care,15,15,Improved Daily Living Skills,Improved Daily Living Skills,H,No,20260701,99991231,202.04,282.86,303.06,Y,Y,Y,Y,N,Priced Supports
15_426_0114_1_3,Delivery of Health Supports by a Nurse Practitioner - Saturday,0114,Community Nursing Care,15,15,Improved Daily Living Skills,Improved Daily Living Skills,H,No,20260701,99991231,261.5,366.1,392.25,Y,Y,Y,Y,N,Priced Supports
15_427_0114_1_3,Delivery of Health Supports by a Nurse Practitioner - Sunday,0114,Community Nursing Care,15,15,Improved Daily Living Skills,Improved Daily Living Skills,H,No,20260701,99991231,300.67,420.94,451.01,Y,Y,Y,Y,N,Priced Supports
15_428_0114_1_3,Delivery of Health Supports by a Nurse Practitioner - Public Holiday,0114,Community Nursing Care,15,15,Improved Daily Living Skills,Improved Daily Living Skills,H,No,20260701,99991231,339.84,475.78,509.76,Y,Y,Y,Y,N,Priced Supports
15_429_0114_1_3,Delivery of Health Supports by a Nurse Practitioner - Weekday Night,0114,Community Nursing Care,15,15,Improved Daily Living Skills,Improved Daily Living Skills,H,No,20260701,99991231,205.83,288.16,308.75,Y,Y,Y,Y,N,Priced Supports
15_501_0119_1_3,Audiologist - Direct Service,0119,Specialised Hearing Services,15,15,Improved Daily Living Skills,Improved Daily Living Skills,H,No,20260701,99991231,193.99,271.59,290.99,N,N,N,N,N,Priced Supports
15_501_0119_1_3_CA,Audiologist - Cancellation,0119,Specialised Hearing Services,15,15,Improved Daily Living Skills,Improved Daily Living Skills,H,No,20260701,99991231,193.99,271.59,290.99,N,N,N,N,N,Priced Supports
15_501_0119_1_3_NF,Audiologist - Non-Face-to-Face,0119,Specialised Hearing Services,15,15,Improved Daily Living Skills,Improved Daily Living Skills,H,No,20260701,99991231,193.99,271.59,290.99,N,N,N,N,N,Priced Supports
15_501_0119_1_3_PT,Audiologist - Provider Travel,0119,Specialised Hearing Services,15,15,Improved Daily Living Skills,Improved Daily Living Skills,H,No,20260701,99991231,97.0,135.8,145.5,N,N,N,N,N,Priced Supports
15_501_0119_1_3_RR,Audiologist - NDIA Requested Reports,0119,Specialised Hearing Services,15,15,Improved Daily Living Skills,Improved Daily Living Skills,H,No,20260701,99991231,193.99,271.59,290.99,N,N,N,N,N,Priced Supports
15_501_0119_1_3_TH,Audiologist - Telehealth,0119,Specialised Hearing Services,15,15,Improved Daily Living Skills,Improved Daily Living Skills,H,No,20260701,99991231,193.99,271.59,290.99,N,N,N,N,N,Priced Supports
15_502_0134_1_3,Audiologist - Direct Service,0134,Hearing Services,15,15,Improved Daily Living Skills,Improved Daily Living Skills,H,No,20260701,99991231,193.99,271.59,290.99,N,N,N,N,N,Priced Supports
15_502_0134_1_3_CA,Audiologist - Cancellation,0134,Hearing Services,15,15,Improved Daily Living Skills,Improved Daily Living Skills,H,No,20260701,99991231,193.99,271.59,290.99,N,N,N,N,N,Priced Supports
15_502_0134_1_3_NF,Audiologist - Non-Face-to-Face,0134,Hearing Services,15,15,Improved Daily Living Skills,Improved Daily Living Skills,H,No,20260701,99991231,193.99,271.59,290.99,N,N,N,N,N,Priced Supports
15_502_0134_1_3_PT,Audiologist - Provider Travel,0134,Hearing Services,15,15,Improved Daily Living Skills,Improved Daily Living Skills,H,No,20260701,99991231,97.0,135.8,145.5,N,N,N,N,N,Priced Supports
15_502_0134_1_3_RR,Audiologist - NDIA Requested Reports,0134,Hearing Services,15,15,Improved Daily Living Skills,Improved Daily Living Skills,H,No,20260701,99991231,193.99,271.59,290.99,N,N,N,N,N,Priced Supports
15_502_0134_1_3_TH,Audiologist - Telehealth,0134,Hearing Services,15,15,Improved Daily Living Skills,Improved Daily Living Skills,H,No,20260701,99991231,193.99,271.59,290.99,N,N,N,N,N,Priced Supports
15_503_0134_1_3,Audiometrist - Direct Service,0134,Hearing Services,15,15,Improved Daily Living Skills,Improved Daily Living Skills,H,No,20260701,99991231,166.83,233.56,250.25,N,N,N,N,N,Priced Supports
15_503_0134_1_3_CA,Audiometrist - Cancellation,0134,Hearing Services,15,15,Improved Daily Living Skills,Improved Daily Living Skills,H,No,20260701,99991231,166.83,233.56,250.25,N,N,N,N,N,Priced Supports
15_503_0134_1_3_NF,Audiometrist - Non-Face-to-Face,0134,Hearing Services,15,15,Improved Daily Living Skills,Improved Daily Living Skills,H,No,20260701,99991231,166.83,233.56,250.25,N,N,N,N,N,Priced Supports
15_503_0134_1_3_PT,Audiometrist - Provider Travel,0134,Hearing Services,15,15,Improved Daily Living Skills,Improved Daily Living Skills,H,No,20260701,99991231,83.42,116.79,125.13,N,N,N,N,N,Priced Supports
15_503_0134_1_3_RR,Audiometrist - NDIA Requested Reports,0134,Hearing Services,15,15,Improved Daily Living Skills,Improved Daily Living Skills,H,No,20260701,99991231,166.83,233.56,250.25,N,N,N,N,N,Priced Supports
15_503_0134_1_3_TH,Audiometrist - Telehealth,0134,Hearing Services,15,15,Improved Daily Living Skills,Improved Daily Living Skills,H,No,20260701,99991231,166.83,233.56,250.25,N,N,N,N,N,Priced Supports
15_606_0118_1_3,ECI Professional - Counsellor - Direct Service,0118,Early Intervention Supports For Early Childhood,15,15,Improved Daily Living Skills,Improved Daily Living Skills,H,No,20260701,99991231,156.16,218.62,234.24,N,N,N,N,N,Priced Supports
15_606_0118_1_3_CA,ECI Professional - Counsellor - Cancellation,0118,Early Intervention Supports For Early Childhood,15,15,Improved Daily Living Skills,Improved Daily Living Skills,H,No,20260701,99991231,156.16,218.62,234.24,N,N,N,N,N,Priced Supports
15_606_0118_1_3_NF,ECI Professional - Counsellor - Non-Face-to-Face,0118,Early Intervention Supports For Early Childhood,15,15,Improved Daily Living Skills,Improved Daily Living Skills,H,No,20260701,99991231,156.16,218.62,234.24,N,N,N,N,N,Priced Supports
15_606_0118_1_3_PT,ECI Professional - Counsellor - Provider Travel,0118,Early Intervention Supports For Early Childhood,15,15,Improved Daily Living Skills,Improved Daily Living Skills,H,No,20260701,99991231,78.08,109.31,117.12,N,N,N,N,N,Priced Supports
15_606_0118_1_3_RR,ECI Professional - Counsellor - NDIA Requested Reports,0118,Early Intervention Supports For Early Childhood,15,15,Improved Daily Living Skills,Improved Daily Living Skills,H,No,20260701,99991231,156.16,218.62,234.24,N,N,N,N,N,Priced Supports
15_606_0118_1_3_TH,ECI Professional - Counsellor - Telehealth,0118,Early Intervention Supports For Early Childhood,15,15,Improved Daily Living Skills,Improved Daily Living Skills,H,No,20260701,99991231,156.16,218.62,234.24,N,N,N,N,N,Priced Supports
15_609_0118_1_3,ECI Professional - Exercise Physiologist - Direct Service,0118,Early Intervention Supports For Early Childhood,15,15,Improved Daily Living Skills,Improved Daily Living Skills,H,No,20260701,99991231,161.99,226.79,242.99,N,N,N,N,N,Priced Supports
15_609_0118_1_3_CA,ECI Professional - Exercise Physiologist - Cancellation,0118,Early Intervention Supports For Early Childhood,15,15,Improved Daily Living Skills,Improved Daily Living Skills,H,No,20260701,99991231,161.99,226.79,242.99,N,N,N,N,N,Priced Supports
15_609_0118_1_3_NF,ECI Professional - Exercise Physiologist - Non-Face-to-Face,0118,Early Intervention Supports For Early Childhood,15,15,Improved Daily Living Skills,Improved Daily Living Skills,H,No,20260701,99991231,161.99,226.79,242.99,N,N,N,N,N,Priced Supports
15_609_0118_1_3_PT,ECI Professional - Exercise Physiologist - Provider Travel,0118,Early Intervention Supports For Early Childhood,15,15,Improved Daily Living Skills,Improved Daily Living Skills,H,No,20260701,99991231,81.0,113.4,121.5,N,N,N,N,N,Priced Supports
15_609_0118_1_3_RR,ECI Professional - Exercise Physiologist - NDIA Requested Reports,0118,Early Intervention Supports For Early Childhood,15,15,Improved Daily Living Skills,Improved Daily Living Skills,H,No,20260701,99991231,161.99,226.79,242.99,N,N,N,N,N,Priced Supports
15_609_0118_1_3_TH,ECI Professional - Exercise Physiologist - Telehealth,0118,Early Intervention Supports For Early Childhood,15,15,Improved Daily Living Skills,Improved Daily Living Skills,H,No,20260701,99991231,161.99,226.79,242.99,N,N,N,N,N,Priced Supports
15_610_0118_1_3,ECI Professional - Art Therapist - Direct Service,0118,Early Intervention Supports For Early Childhood,15,15,Improved Daily Living Skills,Improved Daily Living Skills,H,No,20260701,99991231,156.16,218.62,234.24,N,N,N,N,N,Priced Supports
15_610_0118_1_3_CA,ECI Professional - Art Therapist - Cancellation,0118,Early Intervention Supports For Early Childhood,15,15,Improved Daily Living Skills,Improved Daily Living Skills,H,No,20260701,99991231,156.16,218.62,234.24,N,N,N,N,N,Priced Supports
15_610_0118_1_3_NF,ECI Professional - Art Therapist - Non-Face-to-Face,0118,Early Intervention Supports For Early Childhood,15,15,Improved Daily Living Skills,Improved Daily Living Skills,H,No,20260701,99991231,156.16,218.62,234.24,N,N,N,N,N,Priced Supports
15_610_0118_1_3_PT,ECI Professional - Art Therapist - Provider Travel,0118,Early Intervention Supports For Early Childhood,15,15,Improved Daily Living Skills,Improved Daily Living Skills,H,No,20260701,99991231,78.08,109.31,117.12,N,N,N,N,N,Priced Supports
15_610_0118_1_3_RR,ECI Professional - Art Therapist - NDIA Requested Reports,0118,Early Intervention Supports For Early Childhood,15,15,Improved Daily Living Skills,Improved Daily Living Skills,H,No,20260701,99991231,156.16,218.62,234.24,N,N,N,N,N,Priced Supports
15_610_0118_1_3_TH,ECI Professional - Art Therapist - Telehealth,0118,Early Intervention Supports For Early Childhood,15,15,Improved Daily Living Skills,Improved Daily Living Skills,H,No,20260701,99991231,156.16,218.62,234.24,N,N,N,N,N,Priced Supports
15_610_0128_1_3,Therapy - Art Therapist - Direct Service,0128,Therapeutic Supports,15,15,Improved Daily Living Skills,Improved Daily Living Skills,H,No,20260701,99991231,156.16,218.62,234.24,N,N,N,N,N,Priced Supports
15_610_0128_1_3_CA,Therapy - Art Therapist - Cancellation,0128,Therapeutic Supports,15,15,Improved Daily Living Skills,Improved Daily Living Skills,H,No,20260701,99991231,156.16,218.62,234.24,N,N,N,N,N,Priced Supports
15_610_0128_1_3_NF,Therapy - Art Therapist - Non-Face-to-Face,0128,Therapeutic Supports,15,15,Improved Daily Living Skills,Improved Daily Living Skills,H,No,20260701,99991231,156.16,218.62,234.24,N,N,N,N,N,Priced Supports
15_610_0128_1_3_PT,Therapy - Art Therapist - Provider Travel,0128,Therapeutic Supports,15,15,Improved Daily Living Skills,Improved Daily Living Skills,H,No,20260701,99991231,78.08,109.31,117.12,N,N,N,N,N,Priced Supports
15_610_0128_1_3_RR,Therapy - Art Therapist - NDIA Requested Reports,0128,Therapeutic Supports,15,15,Improved Daily Living Skills,Improved Daily Living Skills,H,No,20260701,99991231,156.16,218.62,234.24,N,N,N,N,N,Priced Supports
15_610_0128_1_3_TH,Therapy - Art Therapist - Telehealth,0128,Therapeutic Supports,15,15,Improved Daily Living Skills,Improved Daily Living Skills,H,No,20260701,99991231,156.16,218.62,234.24,N,N,N,N,N,Priced Supports
15_611_0128_1_3,Therapy - Audiologist - Direct Service,0128,Therapeutic Supports,15,15,Improved Daily Living Skills,Improved Daily Living Skills,H,No,20260701,99991231,193.99,271.59,290.99,N,N,N,N,N,Priced Supports
15_611_0128_1_3_CA,Therapy - Audiologist - Cancellation,0128,Therapeutic Supports,15,15,Improved Daily Living Skills,Improved Daily Living Skills,H,No,20260701,99991231,193.99,271.59,290.99,N,N,N,N,N,Priced Supports
15_611_0128_1_3_NF,Therapy - Audiologist - Non-Face-to-Face,0128,Therapeutic Supports,15,15,Improved Daily Living Skills,Improved Daily Living Skills,H,No,20260701,99991231,193.99,271.59,290.99,N,N,N,N,N,Priced Supports
15_611_0128_1_3_PT,Therapy - Audiologist - Provider Travel,0128,Therapeutic Supports,15,15,Improved Daily Living Skills,Improved Daily Living Skills,H,No,20260701,99991231,97.0,135.8,145.5,N,N,N,N,N,Priced Supports
15_611_0128_1_3_RR,Therapy - Audiologist - NDIA Requested Reports,0128,Therapeutic Supports,15,15,Improved Daily Living Skills,Improved Daily Living Skills,H,No,20260701,99991231,193.99,271.59,290.99,N,N,N,N,N,Priced Supports
15_611_0128_1_3_TH,Therapy - Audiologist - Telehealth,0128,Therapeutic Supports,15,15,Improved Daily Living Skills,Improved Daily Living Skills,H,No,20260701,99991231,193.99,271.59,290.99,N,N,N,N,N,Priced Supports
15_613_0118_1_3,ECI Professional - Developmental educator - Direct Service,0118,Early Intervention Supports For Early Childhood,15,15,Improved Daily Living Skills,Improved Daily Living Skills,H,No,20260701,99991231,193.99,271.59,290.99,N,N,N,N,N,Priced Supports
15_613_0118_1_3_CA,ECI Professional - Developmental educator - Cancellation,0118,Early Intervention Supports For Early Childhood,15,15,Improved Daily Living Skills,Improved Daily Living Skills,H,No,20260701,99991231,193.99,271.59,290.99,N,N,N,N,N,Priced Supports
15_613_0118_1_3_NF,ECI Professional - Developmental educator - Non-Face-to-Face,0118,Early Intervention Supports For Early Childhood,15,15,Improved Daily Living Skills,Improved Daily Living Skills,H,No,20260701,99991231,193.99,271.59,290.99,N,N,N,N,N,Priced Supports
15_613_0118_1_3_PT,ECI Professional - Developmental educator - Provider Travel,0118,Early Intervention Supports For Early Childhood,15,15,Improved Daily Living Skills,Improved Daily Living Skills,H,No,20260701,99991231,97.0,135.8,145.5,N,N,N,N,N,Priced Supports
15_613_0118_1_3_RR,ECI Professional - Developmental educator - NDIA Requested Reports,0118,Early Intervention Supports For Early Childhood,15,15,Improved Daily Living Skills,Improved Daily Living Skills,H,No,20260701,99991231,193.99,271.59,290.99,N,N,N,N,N,Priced Supports
15_613_0118_1_3_TH,ECI Professional - Developmental educator - Telehealth,0118,Early Intervention Supports For Early Childhood,15,15,Improved Daily Living Skills,Improved Daily Living Skills,H,No,20260701,99991231,193.99,271.59,290.99,N,N,N,N,N,Priced Supports
15_613_0128_1_3,Therapy - Developmental Educator - Direct Service,0128,Therapeutic Supports,15,15,Improved Daily Living Skills,Improved Daily Living Skills,H,No,20260701,99991231,193.99,271.59,290.99,N,N,N,N,N,Priced Supports
15_613_0128_1_3_CA,Therapy - Developmental Educator - Cancellation,0128,Therapeutic Supports,15,15,Improved Daily Living Skills,Improved Daily Living Skills,H,No,20260701,99991231,193.99,271.59,290.99,N,N,N,N,N,Priced Supports
15_613_0128_1_3_NF,Therapy - Developmental Educator - Non-Face-to-Face,0128,Therapeutic Supports,15,15,Improved Daily Living Skills,Improved Daily Living Skills,H,No,20260701,99991231,193.99,271.59,290.99,N,N,N,N,N,Priced Supports
15_613_0128_1_3_PT,Therapy - Developmental Educator - Provider Travel,0128,Therapeutic Supports,15,15,Improved Daily Living Skills,Improved Daily Living Skills,H,No,20260701,99991231,97.0,135.8,145.5,N,N,N,N,N,Priced Supports
15_613_0128_1_3_RR,Therapy - Developmental Educator - NDIA Requested Reports,0128,Therapeutic Supports,15,15,Improved Daily Living Skills,Improved Daily Living Skills,H,No,20260701,99991231,193.99,271.59,290.99,N,N,N,N,N,Priced Supports
15_613_0128_1_3_TH,Therapy - Developmental Educator - Telehealth,0128,Therapeutic Supports,15,15,Improved Daily Living Skills,Improved Daily Living Skills,H,No,20260701,99991231,193.99,271.59,290.99,N,N,N,N,N,Priced Supports
15_615_0118_1_3,ECI Professional - Music Therapist - Direct Service,0118,Early Intervention Supports For Early Childhood,15,15,Improved Daily Living Skills,Improved Daily Living Skills,H,No,20260701,99991231,156.16,218.62,234.24,N,N,N,N,N,Priced Supports
15_615_0118_1_3_CA,ECI Professional - Music Therapist - Cancellation,0118,Early Intervention Supports For Early Childhood,15,15,Improved Daily Living Skills,Improved Daily Living Skills,H,No,20260701,99991231,156.16,218.62,234.24,N,N,N,N,N,Priced Supports
15_615_0118_1_3_NF,ECI Professional - Music Therapist - Non-Face-to-Face,0118,Early Intervention Supports For Early Childhood,15,15,Improved Daily Living Skills,Improved Daily Living Skills,H,No,20260701,99991231,156.16,218.62,234.24,N,N,N,N,N,Priced Supports
15_615_0118_1_3_PT,ECI Professional - Music Therapist - Provider Travel,0118,Early Intervention Supports For Early Childhood,15,15,Improved Daily Living Skills,Improved Daily Living Skills,H,No,20260701,99991231,78.08,109.31,117.12,N,N,N,N,N,Priced Supports
15_615_0118_1_3_RR,ECI Professional - Music Therapist - NDIA Requested Reports,0118,Early Intervention Supports For Early Childhood,15,15,Improved Daily Living Skills,Improved Daily Living Skills,H,No,20260701,99991231,156.16,218.62,234.24,N,N,N,N,N,Priced Supports
15_615_0118_1_3_TH,ECI Professional - Music Therapist - Telehealth,0118,Early Intervention Supports For Early Childhood,15,15,Improved Daily Living Skills,Improved Daily Living Skills,H,No,20260701,99991231,156.16,218.62,234.24,N,N,N,N,N,Priced Supports
15_615_0128_1_3,Therapy - Music Therapist - Direct Service,0128,Therapeutic Supports,15,15,Improved Daily Living Skills,Improved Daily Living Skills,H,No,20260701,99991231,156.16,218.62,234.24,N,N,N,N,N,Priced Supports
15_615_0128_1_3_CA,Therapy - Music Therapist - Cancellation,0128,Therapeutic Supports,15,15,Improved Daily Living Skills,Improved Daily Living Skills,H,No,20260701,99991231,156.16,218.62,234.24,N,N,N,N,N,Priced Supports
15_615_0128_1_3_NF,Therapy - Music Therapist - Non-Face-to-Face,0128,Therapeutic Supports,15,15,Improved Daily Living Skills,Improved Daily Living Skills,H,No,20260701,99991231,156.16,218.62,234.24,N,N,N,N,N,Priced Supports
15_615_0128_1_3_PT,Therapy - Music Therapist - Provider Travel,0128,Therapeutic Supports,15,15,Improved Daily Living Skills,Improved Daily Living Skills,H,No,20260701,99991231,78.08,109.31,117.12,N,N,N,N,N,Priced Supports
15_615_0128_1_3_RR,Therapy - Music Therapist - NDIA Requested Reports,0128,Therapeutic Supports,15,15,Improved Daily Living Skills,Improved Daily Living Skills,H,No,20260701,99991231,156.16,218.62,234.24,N,N,N,N,N,Priced Supports
15_615_0128_1_3_TH,Therapy - Music Therapist - Telehealth,0128,Therapeutic Supports,15,15,Improved Daily Living Skills,Improved Daily Living Skills,H,No,20260701,99991231,156.16,218.62,234.24,N,N,N,N,N,Priced Supports
15_617_0118_1_3,ECI Professional - Occupational Therapist - Direct Service,0118,Early Intervention Supports For Early Childhood,15,15,Improved Daily Living Skills,Improved Daily Living Skills,H,No,20260701,99991231,193.99,271.59,290.99,N,N,N,N,N,Priced Supports
15_617_0118_1_3_CA,ECI Professional - Occupational Therapist - Cancellation,0118,Early Intervention Supports For Early Childhood,15,15,Improved Daily Living Skills,Improved Daily Living Skills,H,No,20260701,99991231,193.99,271.59,290.99,N,N,N,N,N,Priced Supports
15_617_0118_1_3_NF,ECI Professional - Occupational Therapist - Non-Face-to-Face,0118,Early Intervention Supports For Early Childhood,15,15,Improved Daily Living Skills,Improved Daily Living Skills,H,No,20260701,99991231,193.99,271.59,290.99,N,N,N,N,N,Priced Supports
15_617_0118_1_3_PT,ECI Professional - Occupational Therapist - Provider Travel,0118,Early Intervention Supports For Early Childhood,15,15,Improved Daily Living Skills,Improved Daily Living Skills,H,No,20260701,99991231,97.0,135.8,145.5,N,N,N,N,N,Priced Supports
15_617_0118_1_3_RR,ECI Professional - Occupational Therapist - NDIA Requested Reports,0118,Early Intervention Supports For Early Childhood,15,15,Improved Daily Living Skills,Improved Daily Living Skills,H,No,20260701,99991231,193.99,271.59,290.99,N,N,N,N,N,Priced Supports
15_617_0118_1_3_TH,ECI Professional - Occupational Therapist - Telehealth,0118,Early Intervention Supports For Early Childhood,15,15,Improved Daily Living Skills,Improved Daily Living Skills,H,No,20260701,99991231,193.99,271.59,290.99,N,N,N,N,N,Priced Supports
15_617_0128_1_3,Therapy - Occupational Therapist - Direct Service,0128,Therapeutic Supports,15,15,Improved Daily Living Skills,Improved Daily Living Skills,H,No,20260701,99991231,193.99,271.59,290.99,N,N,N,N,N,Priced Supports
15_617_0128_1_3_CA,Therapy - Occupational Therapist - Cancellation,0128,Therapeutic Supports,15,15,Improved Daily Living Skills,Improved Daily Living Skills,H,No,20260701,99991231,193.99,271.59,290.99,N,N,N,N,N,Priced Supports
15_617_0128_1_3_NF,Therapy - Occupational Therapist - Non-Face-to-Face,0128,Therapeutic Supports,15,15,Improved Daily Living Skills,Improved Daily Living Skills,H,No,20260701,99991231,193.99,271.59,290.99,N,N,N,N,N,Priced Supports
15_617_0128_1_3_PT,Therapy - Occupational Therapist - Provider Travel,0128,Therapeutic Supports,15,15,Improved Daily Living Skills,Improved Daily Living Skills,H,No,20260701,99991231,97.0,135.8,145.5,N,N,N,N,N,Priced Supports
15_617_0128_1_3_RR,Therapy - Occupational Therapist - NDIA Requested Reports,0128,Therapeutic Supports,15,15,Improved Daily Living Skills,Improved Daily Living Skills,H,No,20260701,99991231,193.99,271.59,290.99,N,N,N,N,N,Priced Supports
15_617_0128_1_3_TH,Therapy - Occupational Therapist - Telehealth,0128,Therapeutic Supports,15,15,Improved Daily Living Skills,Improved Daily Living Skills,H,No,20260701,99991231,193.99,271.59,290.99,N,N,N,N,N,Priced Supports
15_618_0128_1_3,Therapy - Orthoptist - Direct Service,0128,Therapeutic Supports,15,15,Improved Daily Living Skills,Improved Daily Living Skills,H,No,20260701,99991231,193.99,271.59,290.99,N,N,N,N,N,Priced Supports
15_618_0128_1_3_CA,Therapy - Orthoptist - Cancellation,0128,Therapeutic Supports,15,15,Improved Daily Living Skills,Improved Daily Living Skills,H,No,20260701,99991231,193.99,271.59,290.99,N,N,N,N,N,Priced Supports
15_618_0128_1_3_NF,Therapy - Orthoptist - Non-Face-to-Face,0128,Therapeutic Supports,15,15,Improved Daily Living Skills,Improved Daily Living Skills,H,No,20260701,99991231,193.99,271.59,290.99,N,N,N,N,N,Priced Supports
15_618_0128_1_3_PT,Therapy - Orthoptist - Provider Travel,0128,Therapeutic Supports,15,15,Improved Daily Living Skills,Improved Daily Living Skills,H,No,20260701,99991231,97.0,135.8,145.5,N,N,N,N,N,Priced Supports
15_618_0128_1_3_RR,Therapy - Orthoptist - NDIA Requested Reports,0128,Therapeutic Supports,15,15,Improved Daily Living Skills,Improved Daily Living Skills,H,No,20260701,99991231,193.99,271.59,290.99,N,N,N,N,N,Priced Supports
15_618_0128_1_3_TH,Therapy - Orthoptist - Telehealth,0128,Therapeutic Supports,15,15,Improved Daily Living Skills,Improved Daily Living Skills,H,No,20260701,99991231,193.99,271.59,290.99,N,N,N,N,N,Priced Supports
15_619_0118_1_3,ECI Professional - Podiatrist - Direct Service,0118,Early Intervention Supports For Early Childhood,15,15,Improved Daily Living Skills,Improved Daily Living Skills,H,No,20260701,99991231,188.99,264.59,283.49,N,N,N,N,N,Priced Supports
15_619_0118_1_3_CA,ECI Professional - Podiatrist - Cancellation,0118,Early Intervention Supports For Early Childhood,15,15,Improved Daily Living Skills,Improved Daily Living Skills,H,No,20260701,99991231,188.99,264.59,283.49,N,N,N,N,N,Priced Supports
15_619_0118_1_3_NF,ECI Professional - Podiatrist - Non-Face-to-Face,0118,Early Intervention Supports For Early Childhood,15,15,Improved Daily Living Skills,Improved Daily Living Skills,H,No,20260701,99991231,188.99,264.59,283.49,N,N,N,N,N,Priced Supports
15_619_0118_1_3_PT,ECI Professional - Podiatrist - Provider Travel,0118,Early Intervention Supports For Early Childhood,15,15,Improved Daily Living Skills,Improved Daily Living Skills,H,No,20260701,99991231,94.5,132.3,141.75,N,N,N,N,N,Priced Supports
15_619_0118_1_3_RR,ECI Professional - Podiatrist - NDIA Requested Reports,0118,Early Intervention Supports For Early Childhood,15,15,Improved Daily Living Skills,Improved Daily Living Skills,H,No,20260701,99991231,188.99,264.59,283.49,N,N,N,N,N,Priced Supports
15_619_0118_1_3_TH,ECI Professional - Podiatrist - Telehealth,0118,Early Intervention Supports For Early Childhood,15,15,Improved Daily Living Skills,Improved Daily Living Skills,H,No,20260701,99991231,188.99,264.59,283.49,N,N,N,N,N,Priced Supports
15_619_0128_1_3,Therapy - Podiatrist - Direct Service,0128,Therapeutic Supports,15,15,Improved Daily Living Skills,Improved Daily Living Skills,H,No,20260701,99991231,188.99,264.59,283.49,N,N,N,N,N,Priced Supports
15_619_0128_1_3_CA,Therapy - Podiatrist - Cancellation,0128,Therapeutic Supports,15,15,Improved Daily Living Skills,Improved Daily Living Skills,H,No,20260701,99991231,188.99,264.59,283.49,N,N,N,N,N,Priced Supports
15_619_0128_1_3_NF,Therapy - Podiatrist - Non-Face-to-Face,0128,Therapeutic Supports,15,15,Improved Daily Living Skills,Improved Daily Living Skills,H,No,20260701,99991231,188.99,264.59,283.49,N,N,N,N,N,Priced Supports
15_619_0128_1_3_PT,Therapy - Podiatrist - Provider Travel,0128,Therapeutic Supports,15,15,Improved Daily Living Skills,Improved Daily Living Skills,H,No,20260701,99991231,94.5,132.3,141.75,N,N,N,N,N,Priced Supports
15_619_0128_1_3_RR,Therapy - Podiatrist - NDIA Requested Reports,0128,Therapeutic Supports,15,15,Improved Daily Living Skills,Improved Daily Living Skills,H,No,20260701,99991231,188.99,264.59,283.49,N,N,N,N,N,Priced Supports
15_619_0128_1_3_TH,Therapy - Podiatrist - Telehealth,0128,Therapeutic Supports,15,15,Improved Daily Living Skills,Improved Daily Living Skills,H,No,20260701,99991231,188.99,264.59,283.49,N,N,N,N,N,Priced Supports
15_620_0128_1_3,Therapy - Rehabilitation Counsellor - Direct Service,0128,Therapeutic Supports,15,15,Improved Daily Living Skills,Improved Daily Living Skills,H,No,20260701,99991231,193.99,271.59,290.99,N,N,N,N,N,Priced Supports
15_620_0128_1_3_CA,Therapy - Rehabilitation Counsellor - Cancellation,0128,Therapeutic Supports,15,15,Improved Daily Living Skills,Improved Daily Living Skills,H,No,20260701,99991231,193.99,271.59,290.99,N,N,N,N,N,Priced Supports
15_620_0128_1_3_NF,Therapy - Rehabilitation Counsellor - Non-Face-to-Face,0128,Therapeutic Supports,15,15,Improved Daily Living Skills,Improved Daily Living Skills,H,No,20260701,99991231,193.99,271.59,290.99,N,N,N,N,N,Priced Supports
15_620_0128_1_3_PT,Therapy - Rehabilitation Counsellor - Provider Travel,0128,Therapeutic Supports,15,15,Improved Daily Living Skills,Improved Daily Living Skills,H,No,20260701,99991231,97.0,135.8,145.5,N,N,N,N,N,Priced Supports
15_620_0128_1_3_RR,Therapy - Rehabilitation Counsellor - NDIA Requested Reports,0128,Therapeutic Supports,15,15,Improved Daily Living Skills,Improved Daily Living Skills,H,No,20260701,99991231,193.99,271.59,290.99,N,N,N,N,N,Priced Supports
15_620_0128_1_3_TH,Therapy - Rehabilitation Counsellor - Telehealth,0128,Therapeutic Supports,15,15,Improved Daily Living Skills,Improved Daily Living Skills,H,No,20260701,99991231,193.99,271.59,290.99,N,N,N,N,N,Priced Supports
15_621_0118_1_3,ECI Professional - Social worker - Direct Service,0118,Early Intervention Supports For Early Childhood,15,15,Improved Daily Living Skills,Improved Daily Living Skills,H,No,20260701,99991231,193.99,271.59,290.99,N,N,N,N,N,Priced Supports
15_621_0118_1_3_CA,ECI Professional - Social worker - Cancellation,0118,Early Intervention Supports For Early Childhood,15,15,Improved Daily Living Skills,Improved Daily Living Skills,H,No,20260701,99991231,193.99,271.59,290.99,N,N,N,N,N,Priced Supports
15_621_0118_1_3_NF,ECI Professional - Social worker - Non-Face-to-Face,0118,Early Intervention Supports For Early Childhood,15,15,Improved Daily Living Skills,Improved Daily Living Skills,H,No,20260701,99991231,193.99,271.59,290.99,N,N,N,N,N,Priced Supports
15_621_0118_1_3_PT,ECI Professional - Social worker - Provider Travel,0118,Early Intervention Supports For Early Childhood,15,15,Improved Daily Living Skills,Improved Daily Living Skills,H,No,20260701,99991231,97.0,135.8,145.5,N,N,N,N,N,Priced Supports
15_621_0118_1_3_RR,ECI Professional - Social worker - NDIA Requested Reports,0118,Early Intervention Supports For Early Childhood,15,15,Improved Daily Living Skills,Improved Daily Living Skills,H,No,20260701,99991231,193.99,271.59,290.99,N,N,N,N,N,Priced Supports
15_621_0118_1_3_TH,ECI Professional - Social worker - Telehealth,0118,Early Intervention Supports For Early Childhood,15,15,Improved Daily Living Skills,Improved Daily Living Skills,H,No,20260701,99991231,193.99,271.59,290.99,N,N,N,N,N,Priced Supports
15_621_0128_1_3,Therapy - Social Worker - Direct Service,0128,Therapeutic Supports,15,15,Improved Daily Living Skills,Improved Daily Living Skills,H,No,20260701,99991231,193.99,271.59,290.99,N,N,N,N,N,Priced Supports
15_621_0128_1_3_CA,Therapy - Social Worker - Cancellation,0128,Therapeutic Supports,15,15,Improved Daily Living Skills,Improved Daily Living Skills,H,No,20260701,99991231,193.99,271.59,290.99,N,N,N,N,N,Priced Supports
15_621_0128_1_3_NF,Therapy - Social Worker - Non-Face-to-Face,0128,Therapeutic Supports,15,15,Improved Daily Living Skills,Improved Daily Living Skills,H,No,20260701,99991231,193.99,271.59,290.99,N,N,N,N,N,Priced Supports
15_621_0128_1_3_PT,Therapy - Social Worker - Provider Travel,0128,Therapeutic Supports,15,15,Improved Daily Living Skills,Improved Daily Living Skills,H,No,20260701,99991231,97.0,135.8,145.5,N,N,N,N,N,Priced Supports
15_621_0128_1_3_RR,Therapy - Social Worker - NDIA Requested Reports,0128,Therapeutic Supports,15,15,Improved Daily Living Skills,Improved Daily Living Skills,H,No,20260701,99991231,193.99,271.59,290.99,N,N,N,N,N,Priced Supports
15_621_0128_1_3_TH,Therapy - Social Worker - Telehealth,0128,Therapeutic Supports,15,15,Improved Daily Living Skills,Improved Daily Living Skills,H,No,20260701,99991231,193.99,271.59,290.99,N,N,N,N,N,Priced Supports
15_622_0118_1_3,ECI Professional - Speech Pathologist - Direct Service,0118,Early Intervention Supports For Early Childhood,15,15,Improved Daily Living Skills,Improved Daily Living Skills,H,No,20260701,99991231,193.99,271.59,290.99,N,N,N,N,N,Priced Supports
15_622_0118_1_3_CA,ECI Professional - Speech Pathologist - Cancellation,0118,Early Intervention Supports For Early Childhood,15,15,Improved Daily Living Skills,Improved Daily Living Skills,H,No,20260701,99991231,193.99,271.59,290.99,N,N,N,N,N,Priced Supports
15_622_0118_1_3_NF,ECI Professional - Speech Pathologist - Non-Face-to-Face,0118,Early Intervention Supports For Early Childhood,15,15,Improved Daily Living Skills,Improved Daily Living Skills,H,No,20260701,99991231,193.99,271.59,290.99,N,N,N,N,N,Priced Supports
15_622_0118_1_3_PT,ECI Professional - Speech Pathologist - Provider Travel,0118,Early Intervention Supports For Early Childhood,15,15,Improved Daily Living Skills,Improved Daily Living Skills,H,No,20260701,99991231,97.0,135.8,145.5,N,N,N,N,N,Priced Supports
15_622_0118_1_3_RR,ECI Professional - Speech Pathologist - NDIA Requested Reports,0118,Early Intervention Supports For Early Childhood,15,15,Improved Daily Living Skills,Improved Daily Living Skills,H,No,20260701,99991231,193.99,271.59,290.99,N,N,N,N,N,Priced Supports
15_622_0118_1_3_TH,ECI Professional - Speech Pathologist - Telehealth,0118,Early Intervention Supports For Early Childhood,15,15,Improved Daily Living Skills,Improved Daily Living Skills,H,No,20260701,99991231,193.99,271.59,290.99,N,N,N,N,N,Priced Supports
15_622_0128_1_3,Therapy - Speech Pathologist - Direct Service,0128,Therapeutic Supports,15,15,Improved Daily Living Skills,Improved Daily Living Skills,H,No,20260701,99991231,193.99,271.59,290.99,N,N,N,N,N,Priced Supports
15_622_0128_1_3_CA,Therapy - Speech Pathologist - Cancellation,0128,Therapeutic Supports,15,15,Improved Daily Living Skills,Improved Daily Living Skills,H,No,20260701,99991231,193.99,271.59,290.99,N,N,N,N,N,Priced Supports
15_622_0128_1_3_NF,Therapy - Speech Pathologist - Non-Face-to-Face,0128,Therapeutic Supports,15,15,Improved Daily Living Skills,Improved Daily Living Skills,H,No,20260701,99991231,193.99,271.59,290.99,N,N,N,N,N,Priced Supports
15_622_0128_1_3_PT,Therapy - Speech Pathologist - Provider Travel,0128,Therapeutic Supports,15,15,Improved Daily Living Skills,Improved Daily Living Skills,H,No,20260701,99991231,97.0,135.8,145.5,N,N,N,N,N,Priced Supports
15_622_0128_1_3_RR,Therapy - Speech Pathologist - NDIA Requested Reports,0128,Therapeutic Supports,15,15,Improved Daily Living Skills,Improved Daily Living Skills,H,No,20260701,99991231,193.99,271.59,290.99,N,N,N,N,N,Priced Supports
15_622_0128_1_3_TH,Therapy - Speech Pathologist - Telehealth,0128,Therapeutic Supports,15,15,Improved Daily Living Skills,Improved Daily Living Skills,H,No,20260701,99991231,193.99,271.59,290.99,N,N,N,N,N,Priced Supports
15_625_0118_1_3,ECI Professional - Early Childhood Teacher or Educator - Direct Service,0118,Early Intervention Supports For Early Childhood,15,15,Improved Daily Living Skills,Improved Daily Living Skills,H,No,20260701,99991231,193.99,271.59,290.99,N,N,N,N,N,Priced Supports
15_625_0118_1_3_CA,ECI Professional - Early Childhood Teacher or Educator - Cancellation,0118,Early Intervention Supports For Early Childhood,15,15,Improved Daily Living Skills,Improved Daily Living Skills,H,No,20260701,99991231,193.99,271.59,290.99,N,N,N,N,N,Priced Supports
15_625_0118_1_3_NF,ECI Professional - Early Childhood Teacher or Educator - Non-Face-to-Face,0118,Early Intervention Supports For Early Childhood,15,15,Improved Daily Living Skills,Improved Daily Living Skills,H,No,20260701,99991231,193.99,271.59,290.99,N,N,N,N,N,Priced Supports
15_625_0118_1_3_PT,ECI Professional - Early Childhood Teacher or Educator - Provider Travel,0118,Early Intervention Supports For Early Childhood,15,15,Improved Daily Living Skills,Improved Daily Living Skills,H,No,20260701,99991231,97.0,135.8,145.5,N,N,N,N,N,Priced Supports
15_625_0118_1_3_RR,ECI Professional - Early Childhood Teacher or Educator - NDIA Requested Reports,0118,Early Intervention Supports For Early Childhood,15,15,Improved Daily Living Skills,Improved Daily Living Skills,H,No,20260701,99991231,193.99,271.59,290.99,N,N,N,N,N,Priced Supports
15_625_0118_1_3_TH,ECI Professional - Early Childhood Teacher or Educator - Telehealth,0118,Early Intervention Supports For Early Childhood,15,15,Improved Daily Living Skills,Improved Daily Living Skills,H,No,20260701,99991231,193.99,271.59,290.99,N,N,N,N,N,Priced Supports
15_626_0118_1_3,ECI Professional - Orientation Mobility Specialist - Direct Service,0118,Early Intervention Supports For Early Childhood,15,15,Improved Daily Living Skills,Improved Daily Living Skills,H,No,20260702,99991231,156.16,218.62,234.24,N,N,N,N,N,Priced Supports
15_626_0118_1_3_CA,ECI Professional - Orientation Mobility Specialist - Cancellation,0118,Early Intervention Supports For Early Childhood,15,15,Improved Daily Living Skills,Improved Daily Living Skills,H,No,20260701,99991231,156.16,218.62,234.24,N,N,N,N,N,Priced Supports
15_626_0118_1_3_NF,ECI Professional - Orientation Mobility Specialist - Non-Face-to-Face,0118,Early Intervention Supports For Early Childhood,15,15,Improved Daily Living Skills,Improved Daily Living Skills,H,No,20260701,99991231,156.16,218.62,234.24,N,N,N,N,N,Priced Supports
15_626_0118_1_3_PT,ECI Professional - Orientation Mobility Specialist - Provider Travel,0118,Early Intervention Supports For Early Childhood,15,15,Improved Daily Living Skills,Improved Daily Living Skills,H,No,20260701,99991231,78.08,109.31,117.12,N,N,N,N,N,Priced Supports
15_626_0118_1_3_RR,ECI Professional - Orientation Mobility Specialist - NDIA Requested Reports,0118,Early Intervention Supports For Early Childhood,15,15,Improved Daily Living Skills,Improved Daily Living Skills,H,No,20260701,99991231,156.16,218.62,234.24,N,N,N,N,N,Priced Supports
15_626_0118_1_3_TH,ECI Professional - Orientation Mobility Specialist - Telehealth,0118,Early Intervention Supports For Early Childhood,15,15,Improved Daily Living Skills,Improved Daily Living Skills,H,No,20260701,99991231,156.16,218.62,234.24,N,N,N,N,N,Priced Supports
15_626_0128_1_3,Therapy - Orientation Mobility Specialist - Direct Service,0128,Therapeutic Supports,15,15,Improved Daily Living Skills,Improved Daily Living Skills,H,No,20260701,99991231,156.16,218.62,234.24,N,N,N,N,N,Priced Supports
15_626_0128_1_3_CA,Therapy - Orientation Mobility Specialist - Cancellation,0128,Therapeutic Supports,15,15,Improved Daily Living Skills,Improved Daily Living Skills,H,No,20260701,99991231,156.16,218.62,234.24,N,N,N,N,N,Priced Supports
15_626_0128_1_3_NF,Therapy - Orientation Mobility Specialist - Non-Face-to-Face,0128,Therapeutic Supports,15,15,Improved Daily Living Skills,Improved Daily Living Skills,H,No,20260701,99991231,156.16,218.62,234.24,N,N,N,N,N,Priced Supports
15_626_0128_1_3_PT,Therapy - Orientation Mobility Specialist - Provider Travel,0128,Therapeutic Supports,15,15,Improved Daily Living Skills,Improved Daily Living Skills,H,No,20260701,99991231,78.08,109.31,117.12,N,N,N,N,N,Priced Supports
15_626_0128_1_3_RR,Therapy - Orientation Mobility Specialist - NDIA Requested Reports,0128,Therapeutic Supports,15,15,Improved Daily Living Skills,Improved Daily Living Skills,H,No,20260701,99991231,156.16,218.62,234.24,N,N,N,N,N,Priced Supports
15_626_0128_1_3_TH,Therapy - Orientation Mobility Specialist - Telehealth,0128,Therapeutic Supports,15,15,Improved Daily Living Skills,Improved Daily Living Skills,H,No,20260701,99991231,156.16,218.62,234.24,N,N,N,N,N,Priced Supports
15_799_0103_6_3,Provider travel - non-labour costs,0103,Assistive Products For Personal Care And Safety,15,15,Improved Daily Living Skills,Improved Daily Living Skills,E,No,20260701,99991231,1.0,1.0,1.0,N,N,N,N,N,Unit Price = $1
15_799_0106_1_3,Provider travel - non-labour costs,0106,"Assistance In Coordinating Or Managing Life Stages, Transitions And Supports",15,15,Improved Daily Living Skills,Improved Daily Living Skills,E,No,20260701,99991231,1.0,1.0,1.0,N,N,N,N,N,Unit Price = $1
15_799_0114_1_3,Provider travel - non-labour costs,0114,Community Nursing Care,15,15,Improved Daily Living Skills,Improved Daily Living Skills,E,No,20260701,99991231,1.0,1.0,1.0,N,N,N,N,N,Unit Price = $1
15_799_0117_1_3,Provider travel - non-labour costs,0117,Development Of Daily Living And Life Skills,15,15,Improved Daily Living Skills,Improved Daily Living Skills,E,No,20260701,99991231,1.0,1.0,1.0,N,N,N,N,N,Unit Price = $1
15_799_0118_1_3,Provider travel - non-labour costs,0118,Early Intervention Supports For Early Childhood,15,15,Improved Daily Living Skills,Improved Daily Living Skills,E,No,20260701,99991231,1.0,1.0,1.0,N,N,N,N,N,Unit Price = $1
15_799_0119_1_3,Provider travel - non-labour costs,0119,Specialised Hearing Services,15,15,Improved Daily Living Skills,Improved Daily Living Skills,E,No,20260701,99991231,1.0,1.0,1.0,N,N,N,N,N,Unit Price = $1
15_799_0126_1_3,Provider travel - non-labour costs,0126,Exercise Physiology & Personal Well-being Activities,15,15,Improved Daily Living Skills,Improved Daily Living Skills,E,No,20260701,99991231,1.0,1.0,1.0,N,N,N,N,N,Unit Price = $1
15_799_0128_1_3,Provider travel - non-labour costs,0128,Therapeutic Supports,15,15,Improved Daily Living Skills,Improved Daily Living Skills,E,No,20260701,99991231,1.0,1.0,1.0,N,N,N,N,N,Unit Price = $1
15_799_0134_1_3,Provider travel - non-labour costs,0134,Hearing Services,15,15,Improved Daily Living Skills,Improved Daily Living Skills,E,No,20260701,99991231,1.0,1.0,1.0,N,N,N,N,N,Unit Price = $1
15_799_0135_1_3,Provider travel - non-labour costs,0135,Customised Prosthetics (includes Orthotics),15,15,Improved Daily Living Skills,Improved Daily Living Skills,E,No,20260701,99991231,1.0,1.0,1.0,N,N,N,N,N,Unit Price = $1
Bereavement,Plan Management - Bereavement Payment,0127,Management of Funding for Supports,14,14,Improved Life Choices,Choice and Control,MON,No,20260701,99991231,104.45,104.45,104.45,,,,,,Priced Supports
